symbol,announcement_ts,eps_estimate,eps_actual,estimate_std,next_announcement_ts
AAPL,2020-07-30T20:00:00Z,0.52,0.65,0.05,2020-10-29T20:00:00Z
AAPL,2021-04-28T20:00:00Z,0.98,1.40,0.10,2021-07-27T20:00:00Z
MSFT,2021-01-26T21:00:00Z,1.64,2.03,0.16,2021-04-27T21:00:00Z
MSFT,2021-10-26T21:00:00Z,2.07,2.71,0.21,2022-01-25T21:00:00Z
NVDA,2023-05-24T20:00:00Z,0.09,0.11,0.01,2023-08-23T20:00:00Z
NVDA,2023-08-23T20:00:00Z,0.21,0.27,0.02,2023-11-21T21:00:00Z
TSLA,2022-04-20T20:00:00Z,2.26,3.22,0.35,2022-07-20T20:00:00Z
TSLA,2024-01-24T21:00:00Z,0.71,0.53,0.09,2024-04-23T20:00:00Z
META,2022-02-02T21:00:00Z,3.84,3.67,0.12,2022-04-27T20:00:00Z
META,2023-02-01T21:00:00Z,2.22,3.00,0.18,2023-04-26T20:00:00Z
NFLX,2022-04-19T20:00:00Z,2.91,3.53,0.24,2022-07-19T20:00:00Z
NFLX,2022-10-18T20:00:00Z,2.13,3.10,0.21,2023-01-19T21:00:00Z
AMD,2022-10-31T20:00:00Z,0.67,0.54,0.07,2023-01-31T21:00:00Z
AMD,2024-01-30T21:00:00Z,0.77,0.77,0.06,2024-04-30T20:00:00Z
