symbol,effective_from,effective_to,net_income_ttm,shares_outstanding,revenue_ttm,eps_growth_yoy,revenue_growth_yoy,pe_ratio,pb_ratio,ev_ebitda,fcf_yield,cash_per_share,book_value_per_share
AAPL,2014-01-01,,98000000000,15500000000,390000000000,0.10,0.05,30.0,46.0,22.0,0.029,4.5,5.0
MSFT,2014-01-01,,92000000000,7450000000,220000000000,0.14,0.10,34.0,12.0,24.0,0.026,14.0,28.0
NVDA,2014-01-01,,30000000000,2500000000,90000000000,0.45,0.30,42.0,24.0,31.0,0.018,10.0,18.0
TSLA,2014-01-01,,9000000000,3200000000,96000000000,0.22,0.14,58.0,12.0,35.0,0.010,8.0,16.0
AMZN,2014-01-01,,30000000000,10400000000,570000000000,0.18,0.11,48.0,8.0,28.0,0.015,8.0,24.0
META,2014-01-01,,40000000000,2600000000,135000000000,0.20,0.15,26.0,7.0,17.0,0.032,18.0,54.0
NFLX,2014-01-01,,6500000000,445000000,34000000000,0.16,0.08,41.0,11.0,24.0,0.017,10.0,22.0
AMD,2014-01-01,,3000000000,1650000000,23000000000,0.24,0.12,38.0,5.5,23.0,0.018,2.8,8.4
SHOP.TO,2015-01-01,,800000000,135000000,7600000000,0.35,0.25,33.0,13.0,24.0,0.014,5.0,6.0
TSM,2014-01-01,,33000000000,5180000000,76000000000,0.17,0.10,21.0,5.3,12.0,0.036,5.2,14.0
ASML,2014-01-01,,8000000000,390000000,29000000000,0.24,0.18,34.0,16.0,23.0,0.022,9.0,12.0
SAP,2014-01-01,,6500000000,1220000000,34000000000,0.11,0.07,24.0,4.6,15.0,0.035,7.0,22.0
SONY,2014-01-01,,7000000000,1250000000,86000000000,0.12,0.09,17.0,2.1,10.0,0.042,10.0,39.0
TM,2014-01-01,,29000000000,1580000000,300000000000,0.08,0.05,10.0,1.1,7.0,0.058,28.0,190.0
HMC,2014-01-01,,6500000000,1780000000,125000000000,0.06,0.03,9.0,0.7,6.0,0.061,20.0,115.0
SHEL,2014-01-01,,28000000000,7400000000,320000000000,0.04,0.02,9.5,1.2,5.8,0.085,11.0,63.0
XOM,2014-01-01,,36000000000,4100000000,340000000000,0.03,0.01,12.0,2.0,7.5,0.064,5.5,45.0
RIO,2014-01-01,,12000000000,1600000000,55000000000,0.05,0.02,8.0,1.8,5.5,0.091,7.0,29.0
BHP,2014-01-01,,14000000000,2550000000,60000000000,0.06,0.03,8.5,2.0,6.0,0.082,6.2,26.0
BABA,2014-09-19,,16000000000,2500000000,130000000000,0.05,0.04,10.0,1.5,7.5,0.068,17.0,52.0
JPM,2014-01-01,,48000000000,3000000000,160000000000,0.07,0.04,12.0,1.6,8.0,0.050,24.0,95.0
BAC,2014-01-01,,29000000000,8100000000,98000000000,0.06,0.03,11.0,1.0,7.0,0.048,16.0,34.0
KO,2014-01-01,,10800000000,4320000000,46000000000,0.05,0.03,23.0,10.0,16.0,0.036,4.0,2.3
PG,2014-01-01,,14500000000,2400000000,83000000000,0.04,0.02,24.0,7.0,16.0,0.037,5.5,37.0
