date,region,release_date,tradable_from,growth_surprise,inflation_surprise,policy_surprise,liquidity_surprise,credit_surprise
2005-01-01,US,2005-01-15,2005-01-21,0.71,0.4,-0.2,0.22,0.26
2005-01-01,EUROPE,2005-01-15,2005-01-21,0.46,0.4,-0.25,0.17,0.11
2005-01-01,JAPAN,2005-01-15,2005-01-21,0.41,0.05,-0.1,0.27,0.16
2005-01-01,EM,2005-01-15,2005-01-21,0.81,0.55,-0.3,0.17,0.06
2005-01-01,GLOBAL,2005-01-15,2005-01-21,0.5975,0.35,-0.2125,0.2075,0.1475
2005-02-01,US,2005-02-15,2005-02-22,0.68,0.44,-0.18,0.23,0.27
2005-02-01,EUROPE,2005-02-15,2005-02-22,0.43,0.44,-0.23,0.18,0.12
2005-02-01,JAPAN,2005-02-15,2005-02-22,0.38,0.09,-0.08,0.28,0.17
2005-02-01,EM,2005-02-15,2005-02-22,0.78,0.59,-0.28,0.18,0.07
2005-02-01,GLOBAL,2005-02-15,2005-02-22,0.5675,0.39,-0.1925,0.2175,0.1575
2005-03-01,US,2005-03-15,2005-03-22,0.65,0.48,-0.17,0.24,0.28
2005-03-01,EUROPE,2005-03-15,2005-03-22,0.4,0.48,-0.22,0.19,0.13
2005-03-01,JAPAN,2005-03-15,2005-03-22,0.35,0.13,-0.07,0.29,0.18
2005-03-01,EM,2005-03-15,2005-03-22,0.75,0.63,-0.27,0.19,0.08
2005-03-01,GLOBAL,2005-03-15,2005-03-22,0.5375,0.43,-0.1825,0.2275,0.1675
2005-04-01,US,2005-04-15,2005-04-22,0.63,0.5,-0.17,0.23,0.27
2005-04-01,EUROPE,2005-04-15,2005-04-22,0.38,0.5,-0.22,0.18,0.12
2005-04-01,JAPAN,2005-04-15,2005-04-22,0.33,0.15,-0.07,0.28,0.17
2005-04-01,EM,2005-04-15,2005-04-22,0.73,0.65,-0.27,0.18,0.07
2005-04-01,GLOBAL,2005-04-15,2005-04-22,0.5175,0.45,-0.1825,0.2175,0.1575
2005-05-01,US,2005-05-15,2005-05-20,0.65,0.46,-0.16,0.22,0.26
2005-05-01,EUROPE,2005-05-15,2005-05-20,0.4,0.46,-0.21,0.17,0.11
2005-05-01,JAPAN,2005-05-15,2005-05-20,0.35,0.11,-0.06,0.27,0.16
2005-05-01,EM,2005-05-15,2005-05-20,0.75,0.61,-0.26,0.17,0.06
2005-05-01,GLOBAL,2005-05-15,2005-05-20,0.5375,0.41,-0.1725,0.2075,0.1475
2005-06-01,US,2005-06-15,2005-06-22,0.62,0.44,-0.15,0.2,0.24
2005-06-01,EUROPE,2005-06-15,2005-06-22,0.37,0.44,-0.2,0.15,0.09
2005-06-01,JAPAN,2005-06-15,2005-06-22,0.32,0.09,-0.05,0.25,0.14
2005-06-01,EM,2005-06-15,2005-06-22,0.72,0.59,-0.25,0.15,0.04
2005-06-01,GLOBAL,2005-06-15,2005-06-22,0.5075,0.39,-0.1625,0.1875,0.1275
2005-07-01,US,2005-07-15,2005-07-22,0.6,0.42,-0.13,0.18,0.22
2005-07-01,EUROPE,2005-07-15,2005-07-22,0.35,0.42,-0.18,0.13,0.07
2005-07-01,JAPAN,2005-07-15,2005-07-22,0.3,0.07,-0.03,0.23,0.12
2005-07-01,EM,2005-07-15,2005-07-22,0.7,0.57,-0.23,0.13,0.02
2005-07-01,GLOBAL,2005-07-15,2005-07-22,0.4875,0.37,-0.1425,0.1675,0.1075
2005-08-01,US,2005-08-15,2005-08-22,0.62,0.41,-0.12,0.17,0.23
2005-08-01,EUROPE,2005-08-15,2005-08-22,0.37,0.41,-0.17,0.12,0.08
2005-08-01,JAPAN,2005-08-15,2005-08-22,0.32,0.06,-0.02,0.22,0.13
2005-08-01,EM,2005-08-15,2005-08-22,0.72,0.56,-0.22,0.12,0.03
2005-08-01,GLOBAL,2005-08-15,2005-08-22,0.5075,0.36,-0.1325,0.1575,0.1175
2005-09-01,US,2005-09-15,2005-09-22,0.65,0.39,-0.1,0.18,0.25
2005-09-01,EUROPE,2005-09-15,2005-09-22,0.4,0.39,-0.15,0.13,0.1
2005-09-01,JAPAN,2005-09-15,2005-09-22,0.35,0.04,0.0,0.23,0.15
2005-09-01,EM,2005-09-15,2005-09-22,0.75,0.54,-0.2,0.13,0.05
2005-09-01,GLOBAL,2005-09-15,2005-09-22,0.5375,0.34,-0.1125,0.1675,0.1375
2005-10-01,US,2005-10-15,2005-10-21,0.67,0.36,-0.07,0.2,0.26
2005-10-01,EUROPE,2005-10-15,2005-10-21,0.42,0.36,-0.12,0.15,0.11
2005-10-01,JAPAN,2005-10-15,2005-10-21,0.37,0.01,0.03,0.25,0.16
2005-10-01,EM,2005-10-15,2005-10-21,0.77,0.51,-0.17,0.15,0.06
2005-10-01,GLOBAL,2005-10-15,2005-10-21,0.5575,0.31,-0.0825,0.1875,0.1475
2005-11-01,US,2005-11-15,2005-11-22,0.68,0.34,-0.09,0.21,0.27
2005-11-01,EUROPE,2005-11-15,2005-11-22,0.43,0.34,-0.14,0.16,0.12
2005-11-01,JAPAN,2005-11-15,2005-11-22,0.38,-0.01,0.01,0.26,0.17
2005-11-01,EM,2005-11-15,2005-11-22,0.78,0.49,-0.19,0.16,0.07
2005-11-01,GLOBAL,2005-11-15,2005-11-22,0.5675,0.29,-0.1025,0.1975,0.1575
2005-12-01,US,2005-12-15,2005-12-22,0.7,0.35,-0.13,0.22,0.27
2005-12-01,EUROPE,2005-12-15,2005-12-22,0.45,0.35,-0.18,0.17,0.12
2005-12-01,JAPAN,2005-12-15,2005-12-22,0.4,0.0,-0.03,0.27,0.17
2005-12-01,EM,2005-12-15,2005-12-22,0.8,0.5,-0.23,0.17,0.07
2005-12-01,GLOBAL,2005-12-15,2005-12-22,0.5875,0.3,-0.1425,0.2075,0.1575
2006-01-01,US,2006-01-15,2006-01-20,0.71,0.4,-0.2,0.22,0.26
2006-01-01,EUROPE,2006-01-15,2006-01-20,0.46,0.4,-0.25,0.17,0.11
2006-01-01,JAPAN,2006-01-15,2006-01-20,0.41,0.05,-0.1,0.27,0.16
2006-01-01,EM,2006-01-15,2006-01-20,0.81,0.55,-0.3,0.17,0.06
2006-01-01,GLOBAL,2006-01-15,2006-01-20,0.5975,0.35,-0.2125,0.2075,0.1475
2006-02-01,US,2006-02-15,2006-02-22,0.68,0.44,-0.18,0.23,0.27
2006-02-01,EUROPE,2006-02-15,2006-02-22,0.43,0.44,-0.23,0.18,0.12
2006-02-01,JAPAN,2006-02-15,2006-02-22,0.38,0.09,-0.08,0.28,0.17
2006-02-01,EM,2006-02-15,2006-02-22,0.78,0.59,-0.28,0.18,0.07
2006-02-01,GLOBAL,2006-02-15,2006-02-22,0.5675,0.39,-0.1925,0.2175,0.1575
2006-03-01,US,2006-03-15,2006-03-22,0.65,0.48,-0.17,0.24,0.28
2006-03-01,EUROPE,2006-03-15,2006-03-22,0.4,0.48,-0.22,0.19,0.13
2006-03-01,JAPAN,2006-03-15,2006-03-22,0.35,0.13,-0.07,0.29,0.18
2006-03-01,EM,2006-03-15,2006-03-22,0.75,0.63,-0.27,0.19,0.08
2006-03-01,GLOBAL,2006-03-15,2006-03-22,0.5375,0.43,-0.1825,0.2275,0.1675
2006-04-01,US,2006-04-15,2006-04-21,0.63,0.5,-0.17,0.23,0.27
2006-04-01,EUROPE,2006-04-15,2006-04-21,0.38,0.5,-0.22,0.18,0.12
2006-04-01,JAPAN,2006-04-15,2006-04-21,0.33,0.15,-0.07,0.28,0.17
2006-04-01,EM,2006-04-15,2006-04-21,0.73,0.65,-0.27,0.18,0.07
2006-04-01,GLOBAL,2006-04-15,2006-04-21,0.5175,0.45,-0.1825,0.2175,0.1575
2006-05-01,US,2006-05-15,2006-05-22,0.65,0.46,-0.16,0.22,0.26
2006-05-01,EUROPE,2006-05-15,2006-05-22,0.4,0.46,-0.21,0.17,0.11
2006-05-01,JAPAN,2006-05-15,2006-05-22,0.35,0.11,-0.06,0.27,0.16
2006-05-01,EM,2006-05-15,2006-05-22,0.75,0.61,-0.26,0.17,0.06
2006-05-01,GLOBAL,2006-05-15,2006-05-22,0.5375,0.41,-0.1725,0.2075,0.1475
2006-06-01,US,2006-06-15,2006-06-22,0.62,0.44,-0.15,0.2,0.24
2006-06-01,EUROPE,2006-06-15,2006-06-22,0.37,0.44,-0.2,0.15,0.09
2006-06-01,JAPAN,2006-06-15,2006-06-22,0.32,0.09,-0.05,0.25,0.14
2006-06-01,EM,2006-06-15,2006-06-22,0.72,0.59,-0.25,0.15,0.04
2006-06-01,GLOBAL,2006-06-15,2006-06-22,0.5075,0.39,-0.1625,0.1875,0.1275
2006-07-01,US,2006-07-15,2006-07-21,0.6,0.42,-0.13,0.18,0.22
2006-07-01,EUROPE,2006-07-15,2006-07-21,0.35,0.42,-0.18,0.13,0.07
2006-07-01,JAPAN,2006-07-15,2006-07-21,0.3,0.07,-0.03,0.23,0.12
2006-07-01,EM,2006-07-15,2006-07-21,0.7,0.57,-0.23,0.13,0.02
2006-07-01,GLOBAL,2006-07-15,2006-07-21,0.4875,0.37,-0.1425,0.1675,0.1075
2006-08-01,US,2006-08-15,2006-08-22,0.62,0.41,-0.12,0.17,0.23
2006-08-01,EUROPE,2006-08-15,2006-08-22,0.37,0.41,-0.17,0.12,0.08
2006-08-01,JAPAN,2006-08-15,2006-08-22,0.32,0.06,-0.02,0.22,0.13
2006-08-01,EM,2006-08-15,2006-08-22,0.72,0.56,-0.22,0.12,0.03
2006-08-01,GLOBAL,2006-08-15,2006-08-22,0.5075,0.36,-0.1325,0.1575,0.1175
2006-09-01,US,2006-09-15,2006-09-22,0.65,0.39,-0.1,0.18,0.25
2006-09-01,EUROPE,2006-09-15,2006-09-22,0.4,0.39,-0.15,0.13,0.1
2006-09-01,JAPAN,2006-09-15,2006-09-22,0.35,0.04,0.0,0.23,0.15
2006-09-01,EM,2006-09-15,2006-09-22,0.75,0.54,-0.2,0.13,0.05
2006-09-01,GLOBAL,2006-09-15,2006-09-22,0.5375,0.34,-0.1125,0.1675,0.1375
2006-10-01,US,2006-10-15,2006-10-20,0.67,0.36,-0.07,0.2,0.26
2006-10-01,EUROPE,2006-10-15,2006-10-20,0.42,0.36,-0.12,0.15,0.11
2006-10-01,JAPAN,2006-10-15,2006-10-20,0.37,0.01,0.03,0.25,0.16
2006-10-01,EM,2006-10-15,2006-10-20,0.77,0.51,-0.17,0.15,0.06
2006-10-01,GLOBAL,2006-10-15,2006-10-20,0.5575,0.31,-0.0825,0.1875,0.1475
2006-11-01,US,2006-11-15,2006-11-22,0.68,0.34,-0.09,0.21,0.27
2006-11-01,EUROPE,2006-11-15,2006-11-22,0.43,0.34,-0.14,0.16,0.12
2006-11-01,JAPAN,2006-11-15,2006-11-22,0.38,-0.01,0.01,0.26,0.17
2006-11-01,EM,2006-11-15,2006-11-22,0.78,0.49,-0.19,0.16,0.07
2006-11-01,GLOBAL,2006-11-15,2006-11-22,0.5675,0.29,-0.1025,0.1975,0.1575
2006-12-01,US,2006-12-15,2006-12-22,0.7,0.35,-0.13,0.22,0.27
2006-12-01,EUROPE,2006-12-15,2006-12-22,0.45,0.35,-0.18,0.17,0.12
2006-12-01,JAPAN,2006-12-15,2006-12-22,0.4,0.0,-0.03,0.27,0.17
2006-12-01,EM,2006-12-15,2006-12-22,0.8,0.5,-0.23,0.17,0.07
2006-12-01,GLOBAL,2006-12-15,2006-12-22,0.5875,0.3,-0.1425,0.2075,0.1575
2007-01-01,US,2007-01-15,2007-01-22,0.71,0.4,-0.2,0.22,0.26
2007-01-01,EUROPE,2007-01-15,2007-01-22,0.46,0.4,-0.25,0.17,0.11
2007-01-01,JAPAN,2007-01-15,2007-01-22,0.41,0.05,-0.1,0.27,0.16
2007-01-01,EM,2007-01-15,2007-01-22,0.81,0.55,-0.3,0.17,0.06
2007-01-01,GLOBAL,2007-01-15,2007-01-22,0.5975,0.35,-0.2125,0.2075,0.1475
2007-02-01,US,2007-02-15,2007-02-22,0.68,0.44,-0.18,0.23,0.27
2007-02-01,EUROPE,2007-02-15,2007-02-22,0.43,0.44,-0.23,0.18,0.12
2007-02-01,JAPAN,2007-02-15,2007-02-22,0.38,0.09,-0.08,0.28,0.17
2007-02-01,EM,2007-02-15,2007-02-22,0.78,0.59,-0.28,0.18,0.07
2007-02-01,GLOBAL,2007-02-15,2007-02-22,0.5675,0.39,-0.1925,0.2175,0.1575
2007-03-01,US,2007-03-15,2007-03-22,0.65,0.48,-0.17,0.24,0.28
2007-03-01,EUROPE,2007-03-15,2007-03-22,0.4,0.48,-0.22,0.19,0.13
2007-03-01,JAPAN,2007-03-15,2007-03-22,0.35,0.13,-0.07,0.29,0.18
2007-03-01,EM,2007-03-15,2007-03-22,0.75,0.63,-0.27,0.19,0.08
2007-03-01,GLOBAL,2007-03-15,2007-03-22,0.5375,0.43,-0.1825,0.2275,0.1675
2007-04-01,US,2007-04-15,2007-04-20,0.63,0.5,-0.17,0.23,0.27
2007-04-01,EUROPE,2007-04-15,2007-04-20,0.38,0.5,-0.22,0.18,0.12
2007-04-01,JAPAN,2007-04-15,2007-04-20,0.33,0.15,-0.07,0.28,0.17
2007-04-01,EM,2007-04-15,2007-04-20,0.73,0.65,-0.27,0.18,0.07
2007-04-01,GLOBAL,2007-04-15,2007-04-20,0.5175,0.45,-0.1825,0.2175,0.1575
2007-05-01,US,2007-05-15,2007-05-22,0.65,0.46,-0.16,0.22,0.26
2007-05-01,EUROPE,2007-05-15,2007-05-22,0.4,0.46,-0.21,0.17,0.11
2007-05-01,JAPAN,2007-05-15,2007-05-22,0.35,0.11,-0.06,0.27,0.16
2007-05-01,EM,2007-05-15,2007-05-22,0.75,0.61,-0.26,0.17,0.06
2007-05-01,GLOBAL,2007-05-15,2007-05-22,0.5375,0.41,-0.1725,0.2075,0.1475
2007-06-01,US,2007-06-15,2007-06-22,0.62,0.44,-0.15,0.2,0.24
2007-06-01,EUROPE,2007-06-15,2007-06-22,0.37,0.44,-0.2,0.15,0.09
2007-06-01,JAPAN,2007-06-15,2007-06-22,0.32,0.09,-0.05,0.25,0.14
2007-06-01,EM,2007-06-15,2007-06-22,0.72,0.59,-0.25,0.15,0.04
2007-06-01,GLOBAL,2007-06-15,2007-06-22,0.5075,0.39,-0.1625,0.1875,0.1275
2007-07-01,US,2007-07-15,2007-07-20,0.6,0.42,-0.13,0.18,0.22
2007-07-01,EUROPE,2007-07-15,2007-07-20,0.35,0.42,-0.18,0.13,0.07
2007-07-01,JAPAN,2007-07-15,2007-07-20,0.3,0.07,-0.03,0.23,0.12
2007-07-01,EM,2007-07-15,2007-07-20,0.7,0.57,-0.23,0.13,0.02
2007-07-01,GLOBAL,2007-07-15,2007-07-20,0.4875,0.37,-0.1425,0.1675,0.1075
2007-08-01,US,2007-08-15,2007-08-22,0.62,0.41,-0.12,0.17,0.23
2007-08-01,EUROPE,2007-08-15,2007-08-22,0.37,0.41,-0.17,0.12,0.08
2007-08-01,JAPAN,2007-08-15,2007-08-22,0.32,0.06,-0.02,0.22,0.13
2007-08-01,EM,2007-08-15,2007-08-22,0.72,0.56,-0.22,0.12,0.03
2007-08-01,GLOBAL,2007-08-15,2007-08-22,0.5075,0.36,-0.1325,0.1575,0.1175
2007-09-01,US,2007-09-15,2007-09-21,0.65,0.39,-0.1,0.18,0.25
2007-09-01,EUROPE,2007-09-15,2007-09-21,0.4,0.39,-0.15,0.13,0.1
2007-09-01,JAPAN,2007-09-15,2007-09-21,0.35,0.04,0.0,0.23,0.15
2007-09-01,EM,2007-09-15,2007-09-21,0.75,0.54,-0.2,0.13,0.05
2007-09-01,GLOBAL,2007-09-15,2007-09-21,0.5375,0.34,-0.1125,0.1675,0.1375
2007-10-01,US,2007-10-15,2007-10-22,0.67,0.36,-0.07,0.2,0.26
2007-10-01,EUROPE,2007-10-15,2007-10-22,0.42,0.36,-0.12,0.15,0.11
2007-10-01,JAPAN,2007-10-15,2007-10-22,0.37,0.01,0.03,0.25,0.16
2007-10-01,EM,2007-10-15,2007-10-22,0.77,0.51,-0.17,0.15,0.06
2007-10-01,GLOBAL,2007-10-15,2007-10-22,0.5575,0.31,-0.0825,0.1875,0.1475
2007-11-01,US,2007-11-15,2007-11-22,0.13,-0.01,0.06,0.01,0.07
2007-11-01,EUROPE,2007-11-15,2007-11-22,-0.12,-0.01,0.01,-0.04,-0.08
2007-11-01,JAPAN,2007-11-15,2007-11-22,-0.17,-0.36,0.16,0.06,-0.03
2007-11-01,EM,2007-11-15,2007-11-22,0.23,0.14,-0.04,-0.04,-0.13
2007-11-01,GLOBAL,2007-11-15,2007-11-22,0.0175,-0.06,0.0475,-0.0025,-0.0425
2007-12-01,US,2007-12-15,2007-12-21,0.15,0.0,0.02,0.02,0.07
2007-12-01,EUROPE,2007-12-15,2007-12-21,-0.1,0.0,-0.03,-0.03,-0.08
2007-12-01,JAPAN,2007-12-15,2007-12-21,-0.15,-0.35,0.12,0.07,-0.03
2007-12-01,EM,2007-12-15,2007-12-21,0.25,0.15,-0.08,-0.03,-0.13
2007-12-01,GLOBAL,2007-12-15,2007-12-21,0.0375,-0.05,0.0075,0.0075,-0.0425
2008-01-01,US,2008-01-15,2008-01-22,0.26,0.65,-0.4,-0.08,-0.14
2008-01-01,EUROPE,2008-01-15,2008-01-22,0.01,0.65,-0.45,-0.13,-0.29
2008-01-01,JAPAN,2008-01-15,2008-01-22,-0.04,0.3,-0.3,-0.03,-0.24
2008-01-01,EM,2008-01-15,2008-01-22,0.36,0.8,-0.5,-0.13,-0.34
2008-01-01,GLOBAL,2008-01-15,2008-01-22,0.1475,0.6,-0.4125,-0.0925,-0.2525
2008-02-01,US,2008-02-15,2008-02-22,0.23,0.69,-0.38,-0.07,-0.13
2008-02-01,EUROPE,2008-02-15,2008-02-22,-0.02,0.69,-0.43,-0.12,-0.28
2008-02-01,JAPAN,2008-02-15,2008-02-22,-0.07,0.34,-0.28,-0.02,-0.23
2008-02-01,EM,2008-02-15,2008-02-22,0.33,0.84,-0.48,-0.12,-0.33
2008-02-01,GLOBAL,2008-02-15,2008-02-22,0.1175,0.64,-0.3925,-0.0825,-0.2425
2008-03-01,US,2008-03-15,2008-03-21,0.2,0.73,-0.37,-0.06,-0.12
2008-03-01,EUROPE,2008-03-15,2008-03-21,-0.05,0.73,-0.42,-0.11,-0.27
2008-03-01,JAPAN,2008-03-15,2008-03-21,-0.1,0.38,-0.27,-0.01,-0.22
2008-03-01,EM,2008-03-15,2008-03-21,0.3,0.88,-0.47,-0.11,-0.32
2008-03-01,GLOBAL,2008-03-15,2008-03-21,0.0875,0.68,-0.3825,-0.0725,-0.2325
2008-04-01,US,2008-04-15,2008-04-22,0.18,0.75,-0.37,-0.07,-0.13
2008-04-01,EUROPE,2008-04-15,2008-04-22,-0.07,0.75,-0.42,-0.12,-0.28
2008-04-01,JAPAN,2008-04-15,2008-04-22,-0.12,0.4,-0.27,-0.02,-0.23
2008-04-01,EM,2008-04-15,2008-04-22,0.28,0.9,-0.47,-0.12,-0.33
2008-04-01,GLOBAL,2008-04-15,2008-04-22,0.0675,0.7,-0.3825,-0.0825,-0.2425
2008-05-01,US,2008-05-15,2008-05-22,0.2,0.71,-0.36,-0.08,-0.14
2008-05-01,EUROPE,2008-05-15,2008-05-22,-0.05,0.71,-0.41,-0.13,-0.29
2008-05-01,JAPAN,2008-05-15,2008-05-22,-0.1,0.36,-0.26,-0.03,-0.24
2008-05-01,EM,2008-05-15,2008-05-22,0.3,0.86,-0.46,-0.13,-0.34
2008-05-01,GLOBAL,2008-05-15,2008-05-22,0.0875,0.66,-0.3725,-0.0925,-0.2525
2008-06-01,US,2008-06-15,2008-06-20,0.17,0.69,-0.35,-0.1,-0.16
2008-06-01,EUROPE,2008-06-15,2008-06-20,-0.08,0.69,-0.4,-0.15,-0.31
2008-06-01,JAPAN,2008-06-15,2008-06-20,-0.13,0.34,-0.25,-0.05,-0.26
2008-06-01,EM,2008-06-15,2008-06-20,0.27,0.84,-0.45,-0.15,-0.36
2008-06-01,GLOBAL,2008-06-15,2008-06-20,0.0575,0.64,-0.3625,-0.1125,-0.2725
2008-07-01,US,2008-07-15,2008-07-22,0.15,0.67,-0.33,-0.12,-0.18
2008-07-01,EUROPE,2008-07-15,2008-07-22,-0.1,0.67,-0.38,-0.17,-0.33
2008-07-01,JAPAN,2008-07-15,2008-07-22,-0.15,0.32,-0.23,-0.07,-0.28
2008-07-01,EM,2008-07-15,2008-07-22,0.25,0.82,-0.43,-0.17,-0.38
2008-07-01,GLOBAL,2008-07-15,2008-07-22,0.0375,0.62,-0.3425,-0.1325,-0.2925
2008-08-01,US,2008-08-15,2008-08-22,-1.18,-0.49,0.78,0.92,-1.07
2008-08-01,EUROPE,2008-08-15,2008-08-22,-1.43,-0.49,0.73,0.87,-1.22
2008-08-01,JAPAN,2008-08-15,2008-08-22,-1.48,-0.84,0.88,0.97,-1.17
2008-08-01,EM,2008-08-15,2008-08-22,-1.08,-0.34,0.68,0.87,-1.27
2008-08-01,GLOBAL,2008-08-15,2008-08-22,-1.2925,-0.54,0.7675,0.9075,-1.1825
2008-09-01,US,2008-09-15,2008-09-22,-1.15,-0.51,0.8,0.93,-1.05
2008-09-01,EUROPE,2008-09-15,2008-09-22,-1.4,-0.51,0.75,0.88,-1.2
2008-09-01,JAPAN,2008-09-15,2008-09-22,-1.45,-0.86,0.9,0.98,-1.15
2008-09-01,EM,2008-09-15,2008-09-22,-1.05,-0.36,0.7,0.88,-1.25
2008-09-01,GLOBAL,2008-09-15,2008-09-22,-1.2625,-0.56,0.7875,0.9175,-1.1625
2008-10-01,US,2008-10-15,2008-10-22,-1.13,-0.54,0.83,0.95,-1.04
2008-10-01,EUROPE,2008-10-15,2008-10-22,-1.38,-0.54,0.78,0.9,-1.19
2008-10-01,JAPAN,2008-10-15,2008-10-22,-1.43,-0.89,0.93,1.0,-1.14
2008-10-01,EM,2008-10-15,2008-10-22,-1.03,-0.39,0.73,0.9,-1.24
2008-10-01,GLOBAL,2008-10-15,2008-10-22,-1.2425,-0.59,0.8175,0.9375,-1.1525
2008-11-01,US,2008-11-15,2008-11-21,-1.12,-0.56,0.81,0.96,-1.03
2008-11-01,EUROPE,2008-11-15,2008-11-21,-1.37,-0.56,0.76,0.91,-1.18
2008-11-01,JAPAN,2008-11-15,2008-11-21,-1.42,-0.91,0.91,1.01,-1.13
2008-11-01,EM,2008-11-15,2008-11-21,-1.02,-0.41,0.71,0.91,-1.23
2008-11-01,GLOBAL,2008-11-15,2008-11-21,-1.2325,-0.61,0.7975,0.9475,-1.1425
2008-12-01,US,2008-12-15,2008-12-22,-1.1,-0.55,0.77,0.97,-1.03
2008-12-01,EUROPE,2008-12-15,2008-12-22,-1.35,-0.55,0.72,0.92,-1.18
2008-12-01,JAPAN,2008-12-15,2008-12-22,-1.4,-0.9,0.87,1.02,-1.13
2008-12-01,EM,2008-12-15,2008-12-22,-1.0,-0.4,0.67,0.92,-1.23
2008-12-01,GLOBAL,2008-12-15,2008-12-22,-1.2125,-0.6,0.7575,0.9575,-1.1425
2009-01-01,US,2009-01-15,2009-01-22,-1.09,-0.5,0.7,0.97,-1.04
2009-01-01,EUROPE,2009-01-15,2009-01-22,-1.34,-0.5,0.65,0.92,-1.19
2009-01-01,JAPAN,2009-01-15,2009-01-22,-1.39,-0.85,0.8,1.02,-1.14
2009-01-01,EM,2009-01-15,2009-01-22,-0.99,-0.35,0.6,0.92,-1.24
2009-01-01,GLOBAL,2009-01-15,2009-01-22,-1.2025,-0.55,0.6875,0.9575,-1.1525
2009-02-01,US,2009-02-15,2009-02-20,-1.12,-0.46,0.72,0.98,-1.03
2009-02-01,EUROPE,2009-02-15,2009-02-20,-1.37,-0.46,0.67,0.93,-1.18
2009-02-01,JAPAN,2009-02-15,2009-02-20,-1.42,-0.81,0.82,1.03,-1.13
2009-02-01,EM,2009-02-15,2009-02-20,-1.02,-0.31,0.62,0.93,-1.23
2009-02-01,GLOBAL,2009-02-15,2009-02-20,-1.2325,-0.51,0.7075,0.9675,-1.1425
2009-03-01,US,2009-03-15,2009-03-20,-1.15,-0.42,0.73,0.99,-1.02
2009-03-01,EUROPE,2009-03-15,2009-03-20,-1.4,-0.42,0.68,0.94,-1.17
2009-03-01,JAPAN,2009-03-15,2009-03-20,-1.45,-0.77,0.83,1.04,-1.12
2009-03-01,EM,2009-03-15,2009-03-20,-1.05,-0.27,0.63,0.94,-1.22
2009-03-01,GLOBAL,2009-03-15,2009-03-20,-1.2625,-0.47,0.7175,0.9775,-1.1325
2009-04-01,US,2009-04-15,2009-04-22,-1.17,-0.4,0.73,0.98,-1.03
2009-04-01,EUROPE,2009-04-15,2009-04-22,-1.42,-0.4,0.68,0.93,-1.18
2009-04-01,JAPAN,2009-04-15,2009-04-22,-1.47,-0.75,0.83,1.03,-1.13
2009-04-01,EM,2009-04-15,2009-04-22,-1.07,-0.25,0.63,0.93,-1.23
2009-04-01,GLOBAL,2009-04-15,2009-04-22,-1.2825,-0.45,0.7175,0.9675,-1.1425
2009-05-01,US,2009-05-15,2009-05-22,0.75,0.16,0.24,0.87,0.61
2009-05-01,EUROPE,2009-05-15,2009-05-22,0.5,0.16,0.19,0.82,0.46
2009-05-01,JAPAN,2009-05-15,2009-05-22,0.45,-0.19,0.34,0.92,0.51
2009-05-01,EM,2009-05-15,2009-05-22,0.85,0.31,0.14,0.82,0.41
2009-05-01,GLOBAL,2009-05-15,2009-05-22,0.6375,0.11,0.2275,0.8575,0.4975
2009-06-01,US,2009-06-15,2009-06-22,0.72,0.14,0.25,0.85,0.59
2009-06-01,EUROPE,2009-06-15,2009-06-22,0.47,0.14,0.2,0.8,0.44
2009-06-01,JAPAN,2009-06-15,2009-06-22,0.42,-0.21,0.35,0.9,0.49
2009-06-01,EM,2009-06-15,2009-06-22,0.82,0.29,0.15,0.8,0.39
2009-06-01,GLOBAL,2009-06-15,2009-06-22,0.6075,0.09,0.2375,0.8375,0.4775
2009-07-01,US,2009-07-15,2009-07-22,0.7,0.12,0.27,0.83,0.57
2009-07-01,EUROPE,2009-07-15,2009-07-22,0.45,0.12,0.22,0.78,0.42
2009-07-01,JAPAN,2009-07-15,2009-07-22,0.4,-0.23,0.37,0.88,0.47
2009-07-01,EM,2009-07-15,2009-07-22,0.8,0.27,0.17,0.78,0.37
2009-07-01,GLOBAL,2009-07-15,2009-07-22,0.5875,0.07,0.2575,0.8175,0.4575
2009-08-01,US,2009-08-15,2009-08-21,0.72,0.11,0.28,0.82,0.58
2009-08-01,EUROPE,2009-08-15,2009-08-21,0.47,0.11,0.23,0.77,0.43
2009-08-01,JAPAN,2009-08-15,2009-08-21,0.42,-0.24,0.38,0.87,0.48
2009-08-01,EM,2009-08-15,2009-08-21,0.82,0.26,0.18,0.77,0.38
2009-08-01,GLOBAL,2009-08-15,2009-08-21,0.6075,0.06,0.2675,0.8075,0.4675
2009-09-01,US,2009-09-15,2009-09-22,0.75,0.09,0.3,0.83,0.6
2009-09-01,EUROPE,2009-09-15,2009-09-22,0.5,0.09,0.25,0.78,0.45
2009-09-01,JAPAN,2009-09-15,2009-09-22,0.45,-0.26,0.4,0.88,0.5
2009-09-01,EM,2009-09-15,2009-09-22,0.85,0.24,0.2,0.78,0.4
2009-09-01,GLOBAL,2009-09-15,2009-09-22,0.6375,0.04,0.2875,0.8175,0.4875
2009-10-01,US,2009-10-15,2009-10-22,0.77,0.06,0.33,0.85,0.61
2009-10-01,EUROPE,2009-10-15,2009-10-22,0.52,0.06,0.28,0.8,0.46
2009-10-01,JAPAN,2009-10-15,2009-10-22,0.47,-0.29,0.43,0.9,0.51
2009-10-01,EM,2009-10-15,2009-10-22,0.87,0.21,0.23,0.8,0.41
2009-10-01,GLOBAL,2009-10-15,2009-10-22,0.6575,0.01,0.3175,0.8375,0.4975
2009-11-01,US,2009-11-15,2009-11-20,0.78,0.04,0.31,0.86,0.62
2009-11-01,EUROPE,2009-11-15,2009-11-20,0.53,0.04,0.26,0.81,0.47
2009-11-01,JAPAN,2009-11-15,2009-11-20,0.48,-0.31,0.41,0.91,0.52
2009-11-01,EM,2009-11-15,2009-11-20,0.88,0.19,0.21,0.81,0.42
2009-11-01,GLOBAL,2009-11-15,2009-11-20,0.6675,-0.01,0.2975,0.8475,0.5075
2009-12-01,US,2009-12-15,2009-12-22,0.8,0.05,0.27,0.87,0.62
2009-12-01,EUROPE,2009-12-15,2009-12-22,0.55,0.05,0.22,0.82,0.47
2009-12-01,JAPAN,2009-12-15,2009-12-22,0.5,-0.3,0.37,0.92,0.52
2009-12-01,EM,2009-12-15,2009-12-22,0.9,0.2,0.17,0.82,0.42
2009-12-01,GLOBAL,2009-12-15,2009-12-22,0.6875,0.0,0.2575,0.8575,0.5075
2010-01-01,US,2010-01-15,2010-01-22,0.81,0.1,0.2,0.87,0.61
2010-01-01,EUROPE,2010-01-15,2010-01-22,0.56,0.1,0.15,0.82,0.46
2010-01-01,JAPAN,2010-01-15,2010-01-22,0.51,-0.25,0.3,0.92,0.51
2010-01-01,EM,2010-01-15,2010-01-22,0.91,0.25,0.1,0.82,0.41
2010-01-01,GLOBAL,2010-01-15,2010-01-22,0.6975,0.05,0.1875,0.8575,0.4975
2010-02-01,US,2010-02-15,2010-02-22,0.78,0.14,0.22,0.88,0.62
2010-02-01,EUROPE,2010-02-15,2010-02-22,0.53,0.14,0.17,0.83,0.47
2010-02-01,JAPAN,2010-02-15,2010-02-22,0.48,-0.21,0.32,0.93,0.52
2010-02-01,EM,2010-02-15,2010-02-22,0.88,0.29,0.12,0.83,0.42
2010-02-01,GLOBAL,2010-02-15,2010-02-22,0.6675,0.09,0.2075,0.8675,0.5075
2010-03-01,US,2010-03-15,2010-03-22,0.75,0.18,0.23,0.89,0.63
2010-03-01,EUROPE,2010-03-15,2010-03-22,0.5,0.18,0.18,0.84,0.48
2010-03-01,JAPAN,2010-03-15,2010-03-22,0.45,-0.17,0.33,0.94,0.53
2010-03-01,EM,2010-03-15,2010-03-22,0.85,0.33,0.13,0.84,0.43
2010-03-01,GLOBAL,2010-03-15,2010-03-22,0.6375,0.13,0.2175,0.8775,0.5175
2010-04-01,US,2010-04-15,2010-04-22,0.73,0.2,0.23,0.88,0.62
2010-04-01,EUROPE,2010-04-15,2010-04-22,0.48,0.2,0.18,0.83,0.47
2010-04-01,JAPAN,2010-04-15,2010-04-22,0.43,-0.15,0.33,0.93,0.52
2010-04-01,EM,2010-04-15,2010-04-22,0.83,0.35,0.13,0.83,0.42
2010-04-01,GLOBAL,2010-04-15,2010-04-22,0.6175,0.15,0.2175,0.8675,0.5075
2010-05-01,US,2010-05-15,2010-05-21,0.75,0.16,0.24,0.87,0.61
2010-05-01,EUROPE,2010-05-15,2010-05-21,0.5,0.16,0.19,0.82,0.46
2010-05-01,JAPAN,2010-05-15,2010-05-21,0.45,-0.19,0.34,0.92,0.51
2010-05-01,EM,2010-05-15,2010-05-21,0.85,0.31,0.14,0.82,0.41
2010-05-01,GLOBAL,2010-05-15,2010-05-21,0.6375,0.11,0.2275,0.8575,0.4975
2010-06-01,US,2010-06-15,2010-06-22,0.72,0.14,0.25,0.85,0.59
2010-06-01,EUROPE,2010-06-15,2010-06-22,0.47,0.14,0.2,0.8,0.44
2010-06-01,JAPAN,2010-06-15,2010-06-22,0.42,-0.21,0.35,0.9,0.49
2010-06-01,EM,2010-06-15,2010-06-22,0.82,0.29,0.15,0.8,0.39
2010-06-01,GLOBAL,2010-06-15,2010-06-22,0.6075,0.09,0.2375,0.8375,0.4775
2010-07-01,US,2010-07-15,2010-07-22,0.7,0.12,0.27,0.83,0.57
2010-07-01,EUROPE,2010-07-15,2010-07-22,0.45,0.12,0.22,0.78,0.42
2010-07-01,JAPAN,2010-07-15,2010-07-22,0.4,-0.23,0.37,0.88,0.47
2010-07-01,EM,2010-07-15,2010-07-22,0.8,0.27,0.17,0.78,0.37
2010-07-01,GLOBAL,2010-07-15,2010-07-22,0.5875,0.07,0.2575,0.8175,0.4575
2010-08-01,US,2010-08-15,2010-08-20,0.72,0.11,0.28,0.82,0.58
2010-08-01,EUROPE,2010-08-15,2010-08-20,0.47,0.11,0.23,0.77,0.43
2010-08-01,JAPAN,2010-08-15,2010-08-20,0.42,-0.24,0.38,0.87,0.48
2010-08-01,EM,2010-08-15,2010-08-20,0.82,0.26,0.18,0.77,0.38
2010-08-01,GLOBAL,2010-08-15,2010-08-20,0.6075,0.06,0.2675,0.8075,0.4675
2010-09-01,US,2010-09-15,2010-09-22,0.75,0.09,0.3,0.83,0.6
2010-09-01,EUROPE,2010-09-15,2010-09-22,0.5,0.09,0.25,0.78,0.45
2010-09-01,JAPAN,2010-09-15,2010-09-22,0.45,-0.26,0.4,0.88,0.5
2010-09-01,EM,2010-09-15,2010-09-22,0.85,0.24,0.2,0.78,0.4
2010-09-01,GLOBAL,2010-09-15,2010-09-22,0.6375,0.04,0.2875,0.8175,0.4875
2010-10-01,US,2010-10-15,2010-10-22,0.77,0.06,0.33,0.85,0.61
2010-10-01,EUROPE,2010-10-15,2010-10-22,0.52,0.06,0.28,0.8,0.46
2010-10-01,JAPAN,2010-10-15,2010-10-22,0.47,-0.29,0.43,0.9,0.51
2010-10-01,EM,2010-10-15,2010-10-22,0.87,0.21,0.23,0.8,0.41
2010-10-01,GLOBAL,2010-10-15,2010-10-22,0.6575,0.01,0.3175,0.8375,0.4975
2010-11-01,US,2010-11-15,2010-11-22,-0.17,0.14,0.41,0.56,-0.28
2010-11-01,EUROPE,2010-11-15,2010-11-22,-0.42,0.14,0.36,0.51,-0.43
2010-11-01,JAPAN,2010-11-15,2010-11-22,-0.47,-0.21,0.51,0.61,-0.38
2010-11-01,EM,2010-11-15,2010-11-22,-0.07,0.29,0.31,0.51,-0.48
2010-11-01,GLOBAL,2010-11-15,2010-11-22,-0.2825,0.09,0.3975,0.5475,-0.3925
2010-12-01,US,2010-12-15,2010-12-22,-0.15,0.15,0.37,0.57,-0.28
2010-12-01,EUROPE,2010-12-15,2010-12-22,-0.4,0.15,0.32,0.52,-0.43
2010-12-01,JAPAN,2010-12-15,2010-12-22,-0.45,-0.2,0.47,0.62,-0.38
2010-12-01,EM,2010-12-15,2010-12-22,-0.05,0.3,0.27,0.52,-0.48
2010-12-01,GLOBAL,2010-12-15,2010-12-22,-0.2625,0.1,0.3575,0.5575,-0.3925
2011-01-01,US,2011-01-15,2011-01-21,-0.14,0.2,0.3,0.57,-0.29
2011-01-01,EUROPE,2011-01-15,2011-01-21,-0.39,0.2,0.25,0.52,-0.44
2011-01-01,JAPAN,2011-01-15,2011-01-21,-0.44,-0.15,0.4,0.62,-0.39
2011-01-01,EM,2011-01-15,2011-01-21,-0.04,0.35,0.2,0.52,-0.49
2011-01-01,GLOBAL,2011-01-15,2011-01-21,-0.2525,0.15,0.2875,0.5575,-0.4025
2011-02-01,US,2011-02-15,2011-02-22,-0.17,0.24,0.32,0.58,-0.28
2011-02-01,EUROPE,2011-02-15,2011-02-22,-0.42,0.24,0.27,0.53,-0.43
2011-02-01,JAPAN,2011-02-15,2011-02-22,-0.47,-0.11,0.42,0.63,-0.38
2011-02-01,EM,2011-02-15,2011-02-22,-0.07,0.39,0.22,0.53,-0.48
2011-02-01,GLOBAL,2011-02-15,2011-02-22,-0.2825,0.19,0.3075,0.5675,-0.3925
2011-03-01,US,2011-03-15,2011-03-22,-0.2,0.28,0.33,0.59,-0.27
2011-03-01,EUROPE,2011-03-15,2011-03-22,-0.45,0.28,0.28,0.54,-0.42
2011-03-01,JAPAN,2011-03-15,2011-03-22,-0.5,-0.07,0.43,0.64,-0.37
2011-03-01,EM,2011-03-15,2011-03-22,-0.1,0.43,0.23,0.54,-0.47
2011-03-01,GLOBAL,2011-03-15,2011-03-22,-0.3125,0.23,0.3175,0.5775,-0.3825
2011-04-01,US,2011-04-15,2011-04-22,-0.22,0.3,0.33,0.58,-0.28
2011-04-01,EUROPE,2011-04-15,2011-04-22,-0.47,0.3,0.28,0.53,-0.43
2011-04-01,JAPAN,2011-04-15,2011-04-22,-0.52,-0.05,0.43,0.63,-0.38
2011-04-01,EM,2011-04-15,2011-04-22,-0.12,0.45,0.23,0.53,-0.48
2011-04-01,GLOBAL,2011-04-15,2011-04-22,-0.3325,0.25,0.3175,0.5675,-0.3925
2011-05-01,US,2011-05-15,2011-05-20,-0.2,0.26,0.34,0.57,-0.29
2011-05-01,EUROPE,2011-05-15,2011-05-20,-0.45,0.26,0.29,0.52,-0.44
2011-05-01,JAPAN,2011-05-15,2011-05-20,-0.5,-0.09,0.44,0.62,-0.39
2011-05-01,EM,2011-05-15,2011-05-20,-0.1,0.41,0.24,0.52,-0.49
2011-05-01,GLOBAL,2011-05-15,2011-05-20,-0.3125,0.21,0.3275,0.5575,-0.4025
2011-06-01,US,2011-06-15,2011-06-22,-0.23,0.24,0.35,0.55,-0.31
2011-06-01,EUROPE,2011-06-15,2011-06-22,-0.48,0.24,0.3,0.5,-0.46
2011-06-01,JAPAN,2011-06-15,2011-06-22,-0.53,-0.11,0.45,0.6,-0.41
2011-06-01,EM,2011-06-15,2011-06-22,-0.13,0.39,0.25,0.5,-0.51
2011-06-01,GLOBAL,2011-06-15,2011-06-22,-0.3425,0.19,0.3375,0.5375,-0.4225
2011-07-01,US,2011-07-15,2011-07-22,-0.25,0.22,0.37,0.53,-0.33
2011-07-01,EUROPE,2011-07-15,2011-07-22,-0.5,0.22,0.32,0.48,-0.48
2011-07-01,JAPAN,2011-07-15,2011-07-22,-0.55,-0.13,0.47,0.58,-0.43
2011-07-01,EM,2011-07-15,2011-07-22,-0.15,0.37,0.27,0.48,-0.53
2011-07-01,GLOBAL,2011-07-15,2011-07-22,-0.3625,0.17,0.3575,0.5175,-0.4425
2011-08-01,US,2011-08-15,2011-08-22,-0.23,0.21,0.38,0.52,-0.32
2011-08-01,EUROPE,2011-08-15,2011-08-22,-0.48,0.21,0.33,0.47,-0.47
2011-08-01,JAPAN,2011-08-15,2011-08-22,-0.53,-0.14,0.48,0.57,-0.42
2011-08-01,EM,2011-08-15,2011-08-22,-0.13,0.36,0.28,0.47,-0.52
2011-08-01,GLOBAL,2011-08-15,2011-08-22,-0.3425,0.16,0.3675,0.5075,-0.4325
2011-09-01,US,2011-09-15,2011-09-22,-0.2,0.19,0.4,0.53,-0.3
2011-09-01,EUROPE,2011-09-15,2011-09-22,-0.45,0.19,0.35,0.48,-0.45
2011-09-01,JAPAN,2011-09-15,2011-09-22,-0.5,-0.16,0.5,0.58,-0.4
2011-09-01,EM,2011-09-15,2011-09-22,-0.1,0.34,0.3,0.48,-0.5
2011-09-01,GLOBAL,2011-09-15,2011-09-22,-0.3125,0.14,0.3875,0.5175,-0.4125
2011-10-01,US,2011-10-15,2011-10-21,-0.18,0.16,0.43,0.55,-0.29
2011-10-01,EUROPE,2011-10-15,2011-10-21,-0.43,0.16,0.38,0.5,-0.44
2011-10-01,JAPAN,2011-10-15,2011-10-21,-0.48,-0.19,0.53,0.6,-0.39
2011-10-01,EM,2011-10-15,2011-10-21,-0.08,0.31,0.33,0.5,-0.49
2011-10-01,GLOBAL,2011-10-15,2011-10-21,-0.2925,0.11,0.4175,0.5375,-0.4025
2011-11-01,US,2011-11-15,2011-11-22,-0.17,0.14,0.41,0.56,-0.28
2011-11-01,EUROPE,2011-11-15,2011-11-22,-0.42,0.14,0.36,0.51,-0.43
2011-11-01,JAPAN,2011-11-15,2011-11-22,-0.47,-0.21,0.51,0.61,-0.38
2011-11-01,EM,2011-11-15,2011-11-22,-0.07,0.29,0.31,0.51,-0.48
2011-11-01,GLOBAL,2011-11-15,2011-11-22,-0.2825,0.09,0.3975,0.5475,-0.3925
2011-12-01,US,2011-12-15,2011-12-22,-0.15,0.15,0.37,0.57,-0.28
2011-12-01,EUROPE,2011-12-15,2011-12-22,-0.4,0.15,0.32,0.52,-0.43
2011-12-01,JAPAN,2011-12-15,2011-12-22,-0.45,-0.2,0.47,0.62,-0.38
2011-12-01,EM,2011-12-15,2011-12-22,-0.05,0.3,0.27,0.52,-0.48
2011-12-01,GLOBAL,2011-12-15,2011-12-22,-0.2625,0.1,0.3575,0.5575,-0.3925
2012-01-01,US,2012-01-15,2012-01-20,-0.14,0.2,0.3,0.57,-0.29
2012-01-01,EUROPE,2012-01-15,2012-01-20,-0.39,0.2,0.25,0.52,-0.44
2012-01-01,JAPAN,2012-01-15,2012-01-20,-0.44,-0.15,0.4,0.62,-0.39
2012-01-01,EM,2012-01-15,2012-01-20,-0.04,0.35,0.2,0.52,-0.49
2012-01-01,GLOBAL,2012-01-15,2012-01-20,-0.2525,0.15,0.2875,0.5575,-0.4025
2012-02-01,US,2012-02-15,2012-02-22,0.33,-0.16,0.07,0.48,0.27
2012-02-01,EUROPE,2012-02-15,2012-02-22,0.08,-0.16,0.02,0.43,0.12
2012-02-01,JAPAN,2012-02-15,2012-02-22,0.03,-0.51,0.17,0.53,0.17
2012-02-01,EM,2012-02-15,2012-02-22,0.43,-0.01,-0.03,0.43,0.07
2012-02-01,GLOBAL,2012-02-15,2012-02-22,0.2175,-0.21,0.0575,0.4675,0.1575
2012-03-01,US,2012-03-15,2012-03-22,0.3,-0.12,0.08,0.49,0.28
2012-03-01,EUROPE,2012-03-15,2012-03-22,0.05,-0.12,0.03,0.44,0.13
2012-03-01,JAPAN,2012-03-15,2012-03-22,0.0,-0.47,0.18,0.54,0.18
2012-03-01,EM,2012-03-15,2012-03-22,0.4,0.03,-0.02,0.44,0.08
2012-03-01,GLOBAL,2012-03-15,2012-03-22,0.1875,-0.17,0.0675,0.4775,0.1675
2012-04-01,US,2012-04-15,2012-04-20,0.28,-0.1,0.08,0.48,0.27
2012-04-01,EUROPE,2012-04-15,2012-04-20,0.03,-0.1,0.03,0.43,0.12
2012-04-01,JAPAN,2012-04-15,2012-04-20,-0.02,-0.45,0.18,0.53,0.17
2012-04-01,EM,2012-04-15,2012-04-20,0.38,0.05,-0.02,0.43,0.07
2012-04-01,GLOBAL,2012-04-15,2012-04-20,0.1675,-0.15,0.0675,0.4675,0.1575
2012-05-01,US,2012-05-15,2012-05-22,0.3,-0.14,0.09,0.47,0.26
2012-05-01,EUROPE,2012-05-15,2012-05-22,0.05,-0.14,0.04,0.42,0.11
2012-05-01,JAPAN,2012-05-15,2012-05-22,0.0,-0.49,0.19,0.52,0.16
2012-05-01,EM,2012-05-15,2012-05-22,0.4,0.01,-0.01,0.42,0.06
2012-05-01,GLOBAL,2012-05-15,2012-05-22,0.1875,-0.19,0.0775,0.4575,0.1475
2012-06-01,US,2012-06-15,2012-06-22,0.27,-0.16,0.1,0.45,0.24
2012-06-01,EUROPE,2012-06-15,2012-06-22,0.02,-0.16,0.05,0.4,0.09
2012-06-01,JAPAN,2012-06-15,2012-06-22,-0.03,-0.51,0.2,0.5,0.14
2012-06-01,EM,2012-06-15,2012-06-22,0.37,-0.01,0.0,0.4,0.04
2012-06-01,GLOBAL,2012-06-15,2012-06-22,0.1575,-0.21,0.0875,0.4375,0.1275
2012-07-01,US,2012-07-15,2012-07-20,0.25,-0.18,0.12,0.43,0.22
2012-07-01,EUROPE,2012-07-15,2012-07-20,0.0,-0.18,0.07,0.38,0.07
2012-07-01,JAPAN,2012-07-15,2012-07-20,-0.05,-0.53,0.22,0.48,0.12
2012-07-01,EM,2012-07-15,2012-07-20,0.35,-0.03,0.02,0.38,0.02
2012-07-01,GLOBAL,2012-07-15,2012-07-20,0.1375,-0.23,0.1075,0.4175,0.1075
2012-08-01,US,2012-08-15,2012-08-22,0.27,-0.19,0.13,0.42,0.23
2012-08-01,EUROPE,2012-08-15,2012-08-22,0.02,-0.19,0.08,0.37,0.08
2012-08-01,JAPAN,2012-08-15,2012-08-22,-0.03,-0.54,0.23,0.47,0.13
2012-08-01,EM,2012-08-15,2012-08-22,0.37,-0.04,0.03,0.37,0.03
2012-08-01,GLOBAL,2012-08-15,2012-08-22,0.1575,-0.24,0.1175,0.4075,0.1175
2012-09-01,US,2012-09-15,2012-09-21,0.3,-0.21,0.15,0.43,0.25
2012-09-01,EUROPE,2012-09-15,2012-09-21,0.05,-0.21,0.1,0.38,0.1
2012-09-01,JAPAN,2012-09-15,2012-09-21,0.0,-0.56,0.25,0.48,0.15
2012-09-01,EM,2012-09-15,2012-09-21,0.4,-0.06,0.05,0.38,0.05
2012-09-01,GLOBAL,2012-09-15,2012-09-21,0.1875,-0.26,0.1375,0.4175,0.1375
2012-10-01,US,2012-10-15,2012-10-22,0.32,-0.24,0.18,0.45,0.26
2012-10-01,EUROPE,2012-10-15,2012-10-22,0.07,-0.24,0.13,0.4,0.11
2012-10-01,JAPAN,2012-10-15,2012-10-22,0.02,-0.59,0.28,0.5,0.16
2012-10-01,EM,2012-10-15,2012-10-22,0.42,-0.09,0.08,0.4,0.06
2012-10-01,GLOBAL,2012-10-15,2012-10-22,0.2075,-0.29,0.1675,0.4375,0.1475
2012-11-01,US,2012-11-15,2012-11-22,0.33,-0.26,0.16,0.46,0.27
2012-11-01,EUROPE,2012-11-15,2012-11-22,0.08,-0.26,0.11,0.41,0.12
2012-11-01,JAPAN,2012-11-15,2012-11-22,0.03,-0.61,0.26,0.51,0.17
2012-11-01,EM,2012-11-15,2012-11-22,0.43,-0.11,0.06,0.41,0.07
2012-11-01,GLOBAL,2012-11-15,2012-11-22,0.2175,-0.31,0.1475,0.4475,0.1575
2012-12-01,US,2012-12-15,2012-12-21,0.35,-0.25,0.12,0.47,0.27
2012-12-01,EUROPE,2012-12-15,2012-12-21,0.1,-0.25,0.07,0.42,0.12
2012-12-01,JAPAN,2012-12-15,2012-12-21,0.05,-0.6,0.22,0.52,0.17
2012-12-01,EM,2012-12-15,2012-12-21,0.45,-0.1,0.02,0.42,0.07
2012-12-01,GLOBAL,2012-12-15,2012-12-21,0.2375,-0.3,0.1075,0.4575,0.1575
2013-01-01,US,2013-01-15,2013-01-22,0.36,-0.2,0.05,0.47,0.26
2013-01-01,EUROPE,2013-01-15,2013-01-22,0.11,-0.2,0.0,0.42,0.11
2013-01-01,JAPAN,2013-01-15,2013-01-22,0.06,-0.55,0.15,0.52,0.16
2013-01-01,EM,2013-01-15,2013-01-22,0.46,-0.05,-0.05,0.42,0.06
2013-01-01,GLOBAL,2013-01-15,2013-01-22,0.2475,-0.25,0.0375,0.4575,0.1475
2013-02-01,US,2013-02-15,2013-02-22,0.33,-0.16,0.07,0.48,0.27
2013-02-01,EUROPE,2013-02-15,2013-02-22,0.08,-0.16,0.02,0.43,0.12
2013-02-01,JAPAN,2013-02-15,2013-02-22,0.03,-0.51,0.17,0.53,0.17
2013-02-01,EM,2013-02-15,2013-02-22,0.43,-0.01,-0.03,0.43,0.07
2013-02-01,GLOBAL,2013-02-15,2013-02-22,0.2175,-0.21,0.0575,0.4675,0.1575
2013-03-01,US,2013-03-15,2013-03-22,0.3,-0.12,0.08,0.49,0.28
2013-03-01,EUROPE,2013-03-15,2013-03-22,0.05,-0.12,0.03,0.44,0.13
2013-03-01,JAPAN,2013-03-15,2013-03-22,0.0,-0.47,0.18,0.54,0.18
2013-03-01,EM,2013-03-15,2013-03-22,0.4,0.03,-0.02,0.44,0.08
2013-03-01,GLOBAL,2013-03-15,2013-03-22,0.1875,-0.17,0.0675,0.4775,0.1675
2013-04-01,US,2013-04-15,2013-04-22,0.28,-0.1,0.08,0.48,0.27
2013-04-01,EUROPE,2013-04-15,2013-04-22,0.03,-0.1,0.03,0.43,0.12
2013-04-01,JAPAN,2013-04-15,2013-04-22,-0.02,-0.45,0.18,0.53,0.17
2013-04-01,EM,2013-04-15,2013-04-22,0.38,0.05,-0.02,0.43,0.07
2013-04-01,GLOBAL,2013-04-15,2013-04-22,0.1675,-0.15,0.0675,0.4675,0.1575
2013-05-01,US,2013-05-15,2013-05-22,0.3,-0.14,0.09,0.47,0.26
2013-05-01,EUROPE,2013-05-15,2013-05-22,0.05,-0.14,0.04,0.42,0.11
2013-05-01,JAPAN,2013-05-15,2013-05-22,0.0,-0.49,0.19,0.52,0.16
2013-05-01,EM,2013-05-15,2013-05-22,0.4,0.01,-0.01,0.42,0.06
2013-05-01,GLOBAL,2013-05-15,2013-05-22,0.1875,-0.19,0.0775,0.4575,0.1475
2013-06-01,US,2013-06-15,2013-06-21,0.27,-0.16,0.1,0.45,0.24
2013-06-01,EUROPE,2013-06-15,2013-06-21,0.02,-0.16,0.05,0.4,0.09
2013-06-01,JAPAN,2013-06-15,2013-06-21,-0.03,-0.51,0.2,0.5,0.14
2013-06-01,EM,2013-06-15,2013-06-21,0.37,-0.01,0.0,0.4,0.04
2013-06-01,GLOBAL,2013-06-15,2013-06-21,0.1575,-0.21,0.0875,0.4375,0.1275
2013-07-01,US,2013-07-15,2013-07-22,0.25,-0.18,0.12,0.43,0.22
2013-07-01,EUROPE,2013-07-15,2013-07-22,0.0,-0.18,0.07,0.38,0.07
2013-07-01,JAPAN,2013-07-15,2013-07-22,-0.05,-0.53,0.22,0.48,0.12
2013-07-01,EM,2013-07-15,2013-07-22,0.35,-0.03,0.02,0.38,0.02
2013-07-01,GLOBAL,2013-07-15,2013-07-22,0.1375,-0.23,0.1075,0.4175,0.1075
2013-08-01,US,2013-08-15,2013-08-22,0.27,-0.19,0.13,0.42,0.23
2013-08-01,EUROPE,2013-08-15,2013-08-22,0.02,-0.19,0.08,0.37,0.08
2013-08-01,JAPAN,2013-08-15,2013-08-22,-0.03,-0.54,0.23,0.47,0.13
2013-08-01,EM,2013-08-15,2013-08-22,0.37,-0.04,0.03,0.37,0.03
2013-08-01,GLOBAL,2013-08-15,2013-08-22,0.1575,-0.24,0.1175,0.4075,0.1175
2013-09-01,US,2013-09-15,2013-09-20,0.3,-0.21,0.15,0.43,0.25
2013-09-01,EUROPE,2013-09-15,2013-09-20,0.05,-0.21,0.1,0.38,0.1
2013-09-01,JAPAN,2013-09-15,2013-09-20,0.0,-0.56,0.25,0.48,0.15
2013-09-01,EM,2013-09-15,2013-09-20,0.4,-0.06,0.05,0.38,0.05
2013-09-01,GLOBAL,2013-09-15,2013-09-20,0.1875,-0.26,0.1375,0.4175,0.1375
2013-10-01,US,2013-10-15,2013-10-22,0.32,-0.24,0.18,0.45,0.26
2013-10-01,EUROPE,2013-10-15,2013-10-22,0.07,-0.24,0.13,0.4,0.11
2013-10-01,JAPAN,2013-10-15,2013-10-22,0.02,-0.59,0.28,0.5,0.16
2013-10-01,EM,2013-10-15,2013-10-22,0.42,-0.09,0.08,0.4,0.06
2013-10-01,GLOBAL,2013-10-15,2013-10-22,0.2075,-0.29,0.1675,0.4375,0.1475
2013-11-01,US,2013-11-15,2013-11-22,0.33,-0.26,0.16,0.46,0.27
2013-11-01,EUROPE,2013-11-15,2013-11-22,0.08,-0.26,0.11,0.41,0.12
2013-11-01,JAPAN,2013-11-15,2013-11-22,0.03,-0.61,0.26,0.51,0.17
2013-11-01,EM,2013-11-15,2013-11-22,0.43,-0.11,0.06,0.41,0.07
2013-11-01,GLOBAL,2013-11-15,2013-11-22,0.2175,-0.31,0.1475,0.4475,0.1575
2013-12-01,US,2013-12-15,2013-12-20,0.35,-0.25,0.12,0.47,0.27
2013-12-01,EUROPE,2013-12-15,2013-12-20,0.1,-0.25,0.07,0.42,0.12
2013-12-01,JAPAN,2013-12-15,2013-12-20,0.05,-0.6,0.22,0.52,0.17
2013-12-01,EM,2013-12-15,2013-12-20,0.45,-0.1,0.02,0.42,0.07
2013-12-01,GLOBAL,2013-12-15,2013-12-20,0.2375,-0.3,0.1075,0.4575,0.1575
2014-01-01,US,2014-01-15,2014-01-22,0.36,-0.2,0.05,0.47,0.26
2014-01-01,EUROPE,2014-01-15,2014-01-22,0.11,-0.2,0.0,0.42,0.11
2014-01-01,JAPAN,2014-01-15,2014-01-22,0.06,-0.55,0.15,0.52,0.16
2014-01-01,EM,2014-01-15,2014-01-22,0.46,-0.05,-0.05,0.42,0.06
2014-01-01,GLOBAL,2014-01-15,2014-01-22,0.2475,-0.25,0.0375,0.4575,0.1475
2014-02-01,US,2014-02-15,2014-02-21,0.33,-0.16,0.07,0.48,0.27
2014-02-01,EUROPE,2014-02-15,2014-02-21,0.08,-0.16,0.02,0.43,0.12
2014-02-01,JAPAN,2014-02-15,2014-02-21,0.03,-0.51,0.17,0.53,0.17
2014-02-01,EM,2014-02-15,2014-02-21,0.43,-0.01,-0.03,0.43,0.07
2014-02-01,GLOBAL,2014-02-15,2014-02-21,0.2175,-0.21,0.0575,0.4675,0.1575
2014-03-01,US,2014-03-15,2014-03-21,0.3,-0.12,0.08,0.49,0.28
2014-03-01,EUROPE,2014-03-15,2014-03-21,0.05,-0.12,0.03,0.44,0.13
2014-03-01,JAPAN,2014-03-15,2014-03-21,0.0,-0.47,0.18,0.54,0.18
2014-03-01,EM,2014-03-15,2014-03-21,0.4,0.03,-0.02,0.44,0.08
2014-03-01,GLOBAL,2014-03-15,2014-03-21,0.1875,-0.17,0.0675,0.4775,0.1675
2014-04-01,US,2014-04-15,2014-04-22,0.28,-0.1,0.08,0.48,0.27
2014-04-01,EUROPE,2014-04-15,2014-04-22,0.03,-0.1,0.03,0.43,0.12
2014-04-01,JAPAN,2014-04-15,2014-04-22,-0.02,-0.45,0.18,0.53,0.17
2014-04-01,EM,2014-04-15,2014-04-22,0.38,0.05,-0.02,0.43,0.07
2014-04-01,GLOBAL,2014-04-15,2014-04-22,0.1675,-0.15,0.0675,0.4675,0.1575
2014-05-01,US,2014-05-15,2014-05-22,0.3,-0.14,0.09,0.47,0.26
2014-05-01,EUROPE,2014-05-15,2014-05-22,0.05,-0.14,0.04,0.42,0.11
2014-05-01,JAPAN,2014-05-15,2014-05-22,0.0,-0.49,0.19,0.52,0.16
2014-05-01,EM,2014-05-15,2014-05-22,0.4,0.01,-0.01,0.42,0.06
2014-05-01,GLOBAL,2014-05-15,2014-05-22,0.1875,-0.19,0.0775,0.4575,0.1475
2014-06-01,US,2014-06-15,2014-06-20,0.27,-0.16,0.1,0.45,0.24
2014-06-01,EUROPE,2014-06-15,2014-06-20,0.02,-0.16,0.05,0.4,0.09
2014-06-01,JAPAN,2014-06-15,2014-06-20,-0.03,-0.51,0.2,0.5,0.14
2014-06-01,EM,2014-06-15,2014-06-20,0.37,-0.01,0.0,0.4,0.04
2014-06-01,GLOBAL,2014-06-15,2014-06-20,0.1575,-0.21,0.0875,0.4375,0.1275
2014-07-01,US,2014-07-15,2014-07-22,0.25,-0.18,0.12,0.43,0.22
2014-07-01,EUROPE,2014-07-15,2014-07-22,0.0,-0.18,0.07,0.38,0.07
2014-07-01,JAPAN,2014-07-15,2014-07-22,-0.05,-0.53,0.22,0.48,0.12
2014-07-01,EM,2014-07-15,2014-07-22,0.35,-0.03,0.02,0.38,0.02
2014-07-01,GLOBAL,2014-07-15,2014-07-22,0.1375,-0.23,0.1075,0.4175,0.1075
2014-08-01,US,2014-08-15,2014-08-22,0.27,-0.19,0.13,0.42,0.23
2014-08-01,EUROPE,2014-08-15,2014-08-22,0.02,-0.19,0.08,0.37,0.08
2014-08-01,JAPAN,2014-08-15,2014-08-22,-0.03,-0.54,0.23,0.47,0.13
2014-08-01,EM,2014-08-15,2014-08-22,0.37,-0.04,0.03,0.37,0.03
2014-08-01,GLOBAL,2014-08-15,2014-08-22,0.1575,-0.24,0.1175,0.4075,0.1175
2014-09-01,US,2014-09-15,2014-09-22,0.3,-0.21,0.15,0.43,0.25
2014-09-01,EUROPE,2014-09-15,2014-09-22,0.05,-0.21,0.1,0.38,0.1
2014-09-01,JAPAN,2014-09-15,2014-09-22,0.0,-0.56,0.25,0.48,0.15
2014-09-01,EM,2014-09-15,2014-09-22,0.4,-0.06,0.05,0.38,0.05
2014-09-01,GLOBAL,2014-09-15,2014-09-22,0.1875,-0.26,0.1375,0.4175,0.1375
2014-10-01,US,2014-10-15,2014-10-22,0.32,-0.24,0.18,0.45,0.26
2014-10-01,EUROPE,2014-10-15,2014-10-22,0.07,-0.24,0.13,0.4,0.11
2014-10-01,JAPAN,2014-10-15,2014-10-22,0.02,-0.59,0.28,0.5,0.16
2014-10-01,EM,2014-10-15,2014-10-22,0.42,-0.09,0.08,0.4,0.06
2014-10-01,GLOBAL,2014-10-15,2014-10-22,0.2075,-0.29,0.1675,0.4375,0.1475
2014-11-01,US,2014-11-15,2014-11-21,-0.07,-0.46,0.26,0.36,-0.03
2014-11-01,EUROPE,2014-11-15,2014-11-21,-0.32,-0.46,0.21,0.31,-0.18
2014-11-01,JAPAN,2014-11-15,2014-11-21,-0.37,-0.81,0.36,0.41,-0.13
2014-11-01,EM,2014-11-15,2014-11-21,0.03,-0.31,0.16,0.31,-0.23
2014-11-01,GLOBAL,2014-11-15,2014-11-21,-0.1825,-0.51,0.2475,0.3475,-0.1425
2014-12-01,US,2014-12-15,2014-12-22,-0.05,-0.45,0.22,0.37,-0.03
2014-12-01,EUROPE,2014-12-15,2014-12-22,-0.3,-0.45,0.17,0.32,-0.18
2014-12-01,JAPAN,2014-12-15,2014-12-22,-0.35,-0.8,0.32,0.42,-0.13
2014-12-01,EM,2014-12-15,2014-12-22,0.05,-0.3,0.12,0.32,-0.23
2014-12-01,GLOBAL,2014-12-15,2014-12-22,-0.1625,-0.5,0.2075,0.3575,-0.1425
2015-01-01,US,2015-01-15,2015-01-22,-0.04,-0.4,0.15,0.37,-0.04
2015-01-01,EUROPE,2015-01-15,2015-01-22,-0.29,-0.4,0.1,0.32,-0.19
2015-01-01,JAPAN,2015-01-15,2015-01-22,-0.34,-0.75,0.25,0.42,-0.14
2015-01-01,EM,2015-01-15,2015-01-22,0.06,-0.25,0.05,0.32,-0.24
2015-01-01,GLOBAL,2015-01-15,2015-01-22,-0.1525,-0.45,0.1375,0.3575,-0.1525
2015-02-01,US,2015-02-15,2015-02-20,-0.07,-0.36,0.17,0.38,-0.03
2015-02-01,EUROPE,2015-02-15,2015-02-20,-0.32,-0.36,0.12,0.33,-0.18
2015-02-01,JAPAN,2015-02-15,2015-02-20,-0.37,-0.71,0.27,0.43,-0.13
2015-02-01,EM,2015-02-15,2015-02-20,0.03,-0.21,0.07,0.33,-0.23
2015-02-01,GLOBAL,2015-02-15,2015-02-20,-0.1825,-0.41,0.1575,0.3675,-0.1425
2015-03-01,US,2015-03-15,2015-03-20,-0.1,-0.32,0.18,0.39,-0.02
2015-03-01,EUROPE,2015-03-15,2015-03-20,-0.35,-0.32,0.13,0.34,-0.17
2015-03-01,JAPAN,2015-03-15,2015-03-20,-0.4,-0.67,0.28,0.44,-0.12
2015-03-01,EM,2015-03-15,2015-03-20,0.0,-0.17,0.08,0.34,-0.22
2015-03-01,GLOBAL,2015-03-15,2015-03-20,-0.2125,-0.37,0.1675,0.3775,-0.1325
2015-04-01,US,2015-04-15,2015-04-22,-0.12,-0.3,0.18,0.38,-0.03
2015-04-01,EUROPE,2015-04-15,2015-04-22,-0.37,-0.3,0.13,0.33,-0.18
2015-04-01,JAPAN,2015-04-15,2015-04-22,-0.42,-0.65,0.28,0.43,-0.13
2015-04-01,EM,2015-04-15,2015-04-22,-0.02,-0.15,0.08,0.33,-0.23
2015-04-01,GLOBAL,2015-04-15,2015-04-22,-0.2325,-0.35,0.1675,0.3675,-0.1425
2015-05-01,US,2015-05-15,2015-05-22,-0.1,-0.34,0.19,0.37,-0.04
2015-05-01,EUROPE,2015-05-15,2015-05-22,-0.35,-0.34,0.14,0.32,-0.19
2015-05-01,JAPAN,2015-05-15,2015-05-22,-0.4,-0.69,0.29,0.42,-0.14
2015-05-01,EM,2015-05-15,2015-05-22,0.0,-0.19,0.09,0.32,-0.24
2015-05-01,GLOBAL,2015-05-15,2015-05-22,-0.2125,-0.39,0.1775,0.3575,-0.1525
2015-06-01,US,2015-06-15,2015-06-22,-0.13,-0.36,0.2,0.35,-0.06
2015-06-01,EUROPE,2015-06-15,2015-06-22,-0.38,-0.36,0.15,0.3,-0.21
2015-06-01,JAPAN,2015-06-15,2015-06-22,-0.43,-0.71,0.3,0.4,-0.16
2015-06-01,EM,2015-06-15,2015-06-22,-0.03,-0.21,0.1,0.3,-0.26
2015-06-01,GLOBAL,2015-06-15,2015-06-22,-0.2425,-0.41,0.1875,0.3375,-0.1725
2015-07-01,US,2015-07-15,2015-07-22,-0.15,-0.38,0.22,0.33,-0.08
2015-07-01,EUROPE,2015-07-15,2015-07-22,-0.4,-0.38,0.17,0.28,-0.23
2015-07-01,JAPAN,2015-07-15,2015-07-22,-0.45,-0.73,0.32,0.38,-0.18
2015-07-01,EM,2015-07-15,2015-07-22,-0.05,-0.23,0.12,0.28,-0.28
2015-07-01,GLOBAL,2015-07-15,2015-07-22,-0.2625,-0.43,0.2075,0.3175,-0.1925
2015-08-01,US,2015-08-15,2015-08-21,-0.13,-0.39,0.23,0.32,-0.07
2015-08-01,EUROPE,2015-08-15,2015-08-21,-0.38,-0.39,0.18,0.27,-0.22
2015-08-01,JAPAN,2015-08-15,2015-08-21,-0.43,-0.74,0.33,0.37,-0.17
2015-08-01,EM,2015-08-15,2015-08-21,-0.03,-0.24,0.13,0.27,-0.27
2015-08-01,GLOBAL,2015-08-15,2015-08-21,-0.2425,-0.44,0.2175,0.3075,-0.1825
2015-09-01,US,2015-09-15,2015-09-22,-0.1,-0.41,0.25,0.33,-0.05
2015-09-01,EUROPE,2015-09-15,2015-09-22,-0.35,-0.41,0.2,0.28,-0.2
2015-09-01,JAPAN,2015-09-15,2015-09-22,-0.4,-0.76,0.35,0.38,-0.15
2015-09-01,EM,2015-09-15,2015-09-22,0.0,-0.26,0.15,0.28,-0.25
2015-09-01,GLOBAL,2015-09-15,2015-09-22,-0.2125,-0.46,0.2375,0.3175,-0.1625
2015-10-01,US,2015-10-15,2015-10-22,-0.08,-0.44,0.28,0.35,-0.04
2015-10-01,EUROPE,2015-10-15,2015-10-22,-0.33,-0.44,0.23,0.3,-0.19
2015-10-01,JAPAN,2015-10-15,2015-10-22,-0.38,-0.79,0.38,0.4,-0.14
2015-10-01,EM,2015-10-15,2015-10-22,0.02,-0.29,0.18,0.3,-0.24
2015-10-01,GLOBAL,2015-10-15,2015-10-22,-0.1925,-0.49,0.2675,0.3375,-0.1525
2015-11-01,US,2015-11-15,2015-11-20,-0.07,-0.46,0.26,0.36,-0.03
2015-11-01,EUROPE,2015-11-15,2015-11-20,-0.32,-0.46,0.21,0.31,-0.18
2015-11-01,JAPAN,2015-11-15,2015-11-20,-0.37,-0.81,0.36,0.41,-0.13
2015-11-01,EM,2015-11-15,2015-11-20,0.03,-0.31,0.16,0.31,-0.23
2015-11-01,GLOBAL,2015-11-15,2015-11-20,-0.1825,-0.51,0.2475,0.3475,-0.1425
2015-12-01,US,2015-12-15,2015-12-22,-0.05,-0.45,0.22,0.37,-0.03
2015-12-01,EUROPE,2015-12-15,2015-12-22,-0.3,-0.45,0.17,0.32,-0.18
2015-12-01,JAPAN,2015-12-15,2015-12-22,-0.35,-0.8,0.32,0.42,-0.13
2015-12-01,EM,2015-12-15,2015-12-22,0.05,-0.3,0.12,0.32,-0.23
2015-12-01,GLOBAL,2015-12-15,2015-12-22,-0.1625,-0.5,0.2075,0.3575,-0.1425
2016-01-01,US,2016-01-15,2016-01-22,-0.04,-0.4,0.15,0.37,-0.04
2016-01-01,EUROPE,2016-01-15,2016-01-22,-0.29,-0.4,0.1,0.32,-0.19
2016-01-01,JAPAN,2016-01-15,2016-01-22,-0.34,-0.75,0.25,0.42,-0.14
2016-01-01,EM,2016-01-15,2016-01-22,0.06,-0.25,0.05,0.32,-0.24
2016-01-01,GLOBAL,2016-01-15,2016-01-22,-0.1525,-0.45,0.1375,0.3575,-0.1525
2016-02-01,US,2016-02-15,2016-02-22,-0.07,-0.36,0.17,0.38,-0.03
2016-02-01,EUROPE,2016-02-15,2016-02-22,-0.32,-0.36,0.12,0.33,-0.18
2016-02-01,JAPAN,2016-02-15,2016-02-22,-0.37,-0.71,0.27,0.43,-0.13
2016-02-01,EM,2016-02-15,2016-02-22,0.03,-0.21,0.07,0.33,-0.23
2016-02-01,GLOBAL,2016-02-15,2016-02-22,-0.1825,-0.41,0.1575,0.3675,-0.1425
2016-03-01,US,2016-03-15,2016-03-22,-0.1,-0.32,0.18,0.39,-0.02
2016-03-01,EUROPE,2016-03-15,2016-03-22,-0.35,-0.32,0.13,0.34,-0.17
2016-03-01,JAPAN,2016-03-15,2016-03-22,-0.4,-0.67,0.28,0.44,-0.12
2016-03-01,EM,2016-03-15,2016-03-22,0.0,-0.17,0.08,0.34,-0.22
2016-03-01,GLOBAL,2016-03-15,2016-03-22,-0.2125,-0.37,0.1675,0.3775,-0.1325
2016-04-01,US,2016-04-15,2016-04-22,-0.12,-0.3,0.18,0.38,-0.03
2016-04-01,EUROPE,2016-04-15,2016-04-22,-0.37,-0.3,0.13,0.33,-0.18
2016-04-01,JAPAN,2016-04-15,2016-04-22,-0.42,-0.65,0.28,0.43,-0.13
2016-04-01,EM,2016-04-15,2016-04-22,-0.02,-0.15,0.08,0.33,-0.23
2016-04-01,GLOBAL,2016-04-15,2016-04-22,-0.2325,-0.35,0.1675,0.3675,-0.1425
2016-05-01,US,2016-05-15,2016-05-20,0.65,0.31,-0.21,0.37,0.36
2016-05-01,EUROPE,2016-05-15,2016-05-20,0.4,0.31,-0.26,0.32,0.21
2016-05-01,JAPAN,2016-05-15,2016-05-20,0.35,-0.04,-0.11,0.42,0.26
2016-05-01,EM,2016-05-15,2016-05-20,0.75,0.46,-0.31,0.32,0.16
2016-05-01,GLOBAL,2016-05-15,2016-05-20,0.5375,0.26,-0.2225,0.3575,0.2475
2016-06-01,US,2016-06-15,2016-06-22,0.62,0.29,-0.2,0.35,0.34
2016-06-01,EUROPE,2016-06-15,2016-06-22,0.37,0.29,-0.25,0.3,0.19
2016-06-01,JAPAN,2016-06-15,2016-06-22,0.32,-0.06,-0.1,0.4,0.24
2016-06-01,EM,2016-06-15,2016-06-22,0.72,0.44,-0.3,0.3,0.14
2016-06-01,GLOBAL,2016-06-15,2016-06-22,0.5075,0.24,-0.2125,0.3375,0.2275
2016-07-01,US,2016-07-15,2016-07-22,0.6,0.27,-0.18,0.33,0.32
2016-07-01,EUROPE,2016-07-15,2016-07-22,0.35,0.27,-0.23,0.28,0.17
2016-07-01,JAPAN,2016-07-15,2016-07-22,0.3,-0.08,-0.08,0.38,0.22
2016-07-01,EM,2016-07-15,2016-07-22,0.7,0.42,-0.28,0.28,0.12
2016-07-01,GLOBAL,2016-07-15,2016-07-22,0.4875,0.22,-0.1925,0.3175,0.2075
2016-08-01,US,2016-08-15,2016-08-22,0.62,0.26,-0.17,0.32,0.33
2016-08-01,EUROPE,2016-08-15,2016-08-22,0.37,0.26,-0.22,0.27,0.18
2016-08-01,JAPAN,2016-08-15,2016-08-22,0.32,-0.09,-0.07,0.37,0.23
2016-08-01,EM,2016-08-15,2016-08-22,0.72,0.41,-0.27,0.27,0.13
2016-08-01,GLOBAL,2016-08-15,2016-08-22,0.5075,0.21,-0.1825,0.3075,0.2175
2016-09-01,US,2016-09-15,2016-09-22,0.65,0.24,-0.15,0.33,0.35
2016-09-01,EUROPE,2016-09-15,2016-09-22,0.4,0.24,-0.2,0.28,0.2
2016-09-01,JAPAN,2016-09-15,2016-09-22,0.35,-0.11,-0.05,0.38,0.25
2016-09-01,EM,2016-09-15,2016-09-22,0.75,0.39,-0.25,0.28,0.15
2016-09-01,GLOBAL,2016-09-15,2016-09-22,0.5375,0.19,-0.1625,0.3175,0.2375
2016-10-01,US,2016-10-15,2016-10-21,0.67,0.21,-0.12,0.35,0.36
2016-10-01,EUROPE,2016-10-15,2016-10-21,0.42,0.21,-0.17,0.3,0.21
2016-10-01,JAPAN,2016-10-15,2016-10-21,0.37,-0.14,-0.02,0.4,0.26
2016-10-01,EM,2016-10-15,2016-10-21,0.77,0.36,-0.22,0.3,0.16
2016-10-01,GLOBAL,2016-10-15,2016-10-21,0.5575,0.16,-0.1325,0.3375,0.2475
2016-11-01,US,2016-11-15,2016-11-22,0.68,0.19,-0.14,0.36,0.37
2016-11-01,EUROPE,2016-11-15,2016-11-22,0.43,0.19,-0.19,0.31,0.22
2016-11-01,JAPAN,2016-11-15,2016-11-22,0.38,-0.16,-0.04,0.41,0.27
2016-11-01,EM,2016-11-15,2016-11-22,0.78,0.34,-0.24,0.31,0.17
2016-11-01,GLOBAL,2016-11-15,2016-11-22,0.5675,0.14,-0.1525,0.3475,0.2575
2016-12-01,US,2016-12-15,2016-12-22,0.7,0.2,-0.18,0.37,0.37
2016-12-01,EUROPE,2016-12-15,2016-12-22,0.45,0.2,-0.23,0.32,0.22
2016-12-01,JAPAN,2016-12-15,2016-12-22,0.4,-0.15,-0.08,0.42,0.27
2016-12-01,EM,2016-12-15,2016-12-22,0.8,0.35,-0.28,0.32,0.17
2016-12-01,GLOBAL,2016-12-15,2016-12-22,0.5875,0.15,-0.1925,0.3575,0.2575
2017-01-01,US,2017-01-15,2017-01-20,0.71,0.25,-0.25,0.37,0.36
2017-01-01,EUROPE,2017-01-15,2017-01-20,0.46,0.25,-0.3,0.32,0.21
2017-01-01,JAPAN,2017-01-15,2017-01-20,0.41,-0.1,-0.15,0.42,0.26
2017-01-01,EM,2017-01-15,2017-01-20,0.81,0.4,-0.35,0.32,0.16
2017-01-01,GLOBAL,2017-01-15,2017-01-20,0.5975,0.2,-0.2625,0.3575,0.2475
2017-02-01,US,2017-02-15,2017-02-22,0.68,0.29,-0.23,0.38,0.37
2017-02-01,EUROPE,2017-02-15,2017-02-22,0.43,0.29,-0.28,0.33,0.22
2017-02-01,JAPAN,2017-02-15,2017-02-22,0.38,-0.06,-0.13,0.43,0.27
2017-02-01,EM,2017-02-15,2017-02-22,0.78,0.44,-0.33,0.33,0.17
2017-02-01,GLOBAL,2017-02-15,2017-02-22,0.5675,0.24,-0.2425,0.3675,0.2575
2017-03-01,US,2017-03-15,2017-03-22,0.65,0.33,-0.22,0.39,0.38
2017-03-01,EUROPE,2017-03-15,2017-03-22,0.4,0.33,-0.27,0.34,0.23
2017-03-01,JAPAN,2017-03-15,2017-03-22,0.35,-0.02,-0.12,0.44,0.28
2017-03-01,EM,2017-03-15,2017-03-22,0.75,0.48,-0.32,0.34,0.18
2017-03-01,GLOBAL,2017-03-15,2017-03-22,0.5375,0.28,-0.2325,0.3775,0.2675
2017-04-01,US,2017-04-15,2017-04-21,0.63,0.35,-0.22,0.38,0.37
2017-04-01,EUROPE,2017-04-15,2017-04-21,0.38,0.35,-0.27,0.33,0.22
2017-04-01,JAPAN,2017-04-15,2017-04-21,0.33,0.0,-0.12,0.43,0.27
2017-04-01,EM,2017-04-15,2017-04-21,0.73,0.5,-0.32,0.33,0.17
2017-04-01,GLOBAL,2017-04-15,2017-04-21,0.5175,0.3,-0.2325,0.3675,0.2575
2017-05-01,US,2017-05-15,2017-05-22,0.65,0.31,-0.21,0.37,0.36
2017-05-01,EUROPE,2017-05-15,2017-05-22,0.4,0.31,-0.26,0.32,0.21
2017-05-01,JAPAN,2017-05-15,2017-05-22,0.35,-0.04,-0.11,0.42,0.26
2017-05-01,EM,2017-05-15,2017-05-22,0.75,0.46,-0.31,0.32,0.16
2017-05-01,GLOBAL,2017-05-15,2017-05-22,0.5375,0.26,-0.2225,0.3575,0.2475
2017-06-01,US,2017-06-15,2017-06-22,0.62,0.29,-0.2,0.35,0.34
2017-06-01,EUROPE,2017-06-15,2017-06-22,0.37,0.29,-0.25,0.3,0.19
2017-06-01,JAPAN,2017-06-15,2017-06-22,0.32,-0.06,-0.1,0.4,0.24
2017-06-01,EM,2017-06-15,2017-06-22,0.72,0.44,-0.3,0.3,0.14
2017-06-01,GLOBAL,2017-06-15,2017-06-22,0.5075,0.24,-0.2125,0.3375,0.2275
2017-07-01,US,2017-07-15,2017-07-21,0.6,0.27,-0.18,0.33,0.32
2017-07-01,EUROPE,2017-07-15,2017-07-21,0.35,0.27,-0.23,0.28,0.17
2017-07-01,JAPAN,2017-07-15,2017-07-21,0.3,-0.08,-0.08,0.38,0.22
2017-07-01,EM,2017-07-15,2017-07-21,0.7,0.42,-0.28,0.28,0.12
2017-07-01,GLOBAL,2017-07-15,2017-07-21,0.4875,0.22,-0.1925,0.3175,0.2075
2017-08-01,US,2017-08-15,2017-08-22,0.62,0.26,-0.17,0.32,0.33
2017-08-01,EUROPE,2017-08-15,2017-08-22,0.37,0.26,-0.22,0.27,0.18
2017-08-01,JAPAN,2017-08-15,2017-08-22,0.32,-0.09,-0.07,0.37,0.23
2017-08-01,EM,2017-08-15,2017-08-22,0.72,0.41,-0.27,0.27,0.13
2017-08-01,GLOBAL,2017-08-15,2017-08-22,0.5075,0.21,-0.1825,0.3075,0.2175
2017-09-01,US,2017-09-15,2017-09-22,0.65,0.24,-0.15,0.33,0.35
2017-09-01,EUROPE,2017-09-15,2017-09-22,0.4,0.24,-0.2,0.28,0.2
2017-09-01,JAPAN,2017-09-15,2017-09-22,0.35,-0.11,-0.05,0.38,0.25
2017-09-01,EM,2017-09-15,2017-09-22,0.75,0.39,-0.25,0.28,0.15
2017-09-01,GLOBAL,2017-09-15,2017-09-22,0.5375,0.19,-0.1625,0.3175,0.2375
2017-10-01,US,2017-10-15,2017-10-20,0.67,0.21,-0.12,0.35,0.36
2017-10-01,EUROPE,2017-10-15,2017-10-20,0.42,0.21,-0.17,0.3,0.21
2017-10-01,JAPAN,2017-10-15,2017-10-20,0.37,-0.14,-0.02,0.4,0.26
2017-10-01,EM,2017-10-15,2017-10-20,0.77,0.36,-0.22,0.3,0.16
2017-10-01,GLOBAL,2017-10-15,2017-10-20,0.5575,0.16,-0.1325,0.3375,0.2475
2017-11-01,US,2017-11-15,2017-11-22,0.68,0.19,-0.14,0.36,0.37
2017-11-01,EUROPE,2017-11-15,2017-11-22,0.43,0.19,-0.19,0.31,0.22
2017-11-01,JAPAN,2017-11-15,2017-11-22,0.38,-0.16,-0.04,0.41,0.27
2017-11-01,EM,2017-11-15,2017-11-22,0.78,0.34,-0.24,0.31,0.17
2017-11-01,GLOBAL,2017-11-15,2017-11-22,0.5675,0.14,-0.1525,0.3475,0.2575
2017-12-01,US,2017-12-15,2017-12-22,0.7,0.2,-0.18,0.37,0.37
2017-12-01,EUROPE,2017-12-15,2017-12-22,0.45,0.2,-0.23,0.32,0.22
2017-12-01,JAPAN,2017-12-15,2017-12-22,0.4,-0.15,-0.08,0.42,0.27
2017-12-01,EM,2017-12-15,2017-12-22,0.8,0.35,-0.28,0.32,0.17
2017-12-01,GLOBAL,2017-12-15,2017-12-22,0.5875,0.15,-0.1925,0.3575,0.2575
2018-01-01,US,2018-01-15,2018-01-22,0.71,0.25,-0.25,0.37,0.36
2018-01-01,EUROPE,2018-01-15,2018-01-22,0.46,0.25,-0.3,0.32,0.21
2018-01-01,JAPAN,2018-01-15,2018-01-22,0.41,-0.1,-0.15,0.42,0.26
2018-01-01,EM,2018-01-15,2018-01-22,0.81,0.4,-0.35,0.32,0.16
2018-01-01,GLOBAL,2018-01-15,2018-01-22,0.5975,0.2,-0.2625,0.3575,0.2475
2018-02-01,US,2018-02-15,2018-02-22,0.23,0.44,-0.58,0.08,-0.03
2018-02-01,EUROPE,2018-02-15,2018-02-22,-0.02,0.44,-0.63,0.03,-0.18
2018-02-01,JAPAN,2018-02-15,2018-02-22,-0.07,0.09,-0.48,0.13,-0.13
2018-02-01,EM,2018-02-15,2018-02-22,0.33,0.59,-0.68,0.03,-0.23
2018-02-01,GLOBAL,2018-02-15,2018-02-22,0.1175,0.39,-0.5925,0.0675,-0.1425
2018-03-01,US,2018-03-15,2018-03-22,0.2,0.48,-0.57,0.09,-0.02
2018-03-01,EUROPE,2018-03-15,2018-03-22,-0.05,0.48,-0.62,0.04,-0.17
2018-03-01,JAPAN,2018-03-15,2018-03-22,-0.1,0.13,-0.47,0.14,-0.12
2018-03-01,EM,2018-03-15,2018-03-22,0.3,0.63,-0.67,0.04,-0.22
2018-03-01,GLOBAL,2018-03-15,2018-03-22,0.0875,0.43,-0.5825,0.0775,-0.1325
2018-04-01,US,2018-04-15,2018-04-20,0.18,0.5,-0.57,0.08,-0.03
2018-04-01,EUROPE,2018-04-15,2018-04-20,-0.07,0.5,-0.62,0.03,-0.18
2018-04-01,JAPAN,2018-04-15,2018-04-20,-0.12,0.15,-0.47,0.13,-0.13
2018-04-01,EM,2018-04-15,2018-04-20,0.28,0.65,-0.67,0.03,-0.23
2018-04-01,GLOBAL,2018-04-15,2018-04-20,0.0675,0.45,-0.5825,0.0675,-0.1425
2018-05-01,US,2018-05-15,2018-05-22,0.2,0.46,-0.56,0.07,-0.04
2018-05-01,EUROPE,2018-05-15,2018-05-22,-0.05,0.46,-0.61,0.02,-0.19
2018-05-01,JAPAN,2018-05-15,2018-05-22,-0.1,0.11,-0.46,0.12,-0.14
2018-05-01,EM,2018-05-15,2018-05-22,0.3,0.61,-0.66,0.02,-0.24
2018-05-01,GLOBAL,2018-05-15,2018-05-22,0.0875,0.41,-0.5725,0.0575,-0.1525
2018-06-01,US,2018-06-15,2018-06-22,0.17,0.44,-0.55,0.05,-0.06
2018-06-01,EUROPE,2018-06-15,2018-06-22,-0.08,0.44,-0.6,0.0,-0.21
2018-06-01,JAPAN,2018-06-15,2018-06-22,-0.13,0.09,-0.45,0.1,-0.16
2018-06-01,EM,2018-06-15,2018-06-22,0.27,0.59,-0.65,0.0,-0.26
2018-06-01,GLOBAL,2018-06-15,2018-06-22,0.0575,0.39,-0.5625,0.0375,-0.1725
2018-07-01,US,2018-07-15,2018-07-20,0.15,0.42,-0.53,0.03,-0.08
2018-07-01,EUROPE,2018-07-15,2018-07-20,-0.1,0.42,-0.58,-0.02,-0.23
2018-07-01,JAPAN,2018-07-15,2018-07-20,-0.15,0.07,-0.43,0.08,-0.18
2018-07-01,EM,2018-07-15,2018-07-20,0.25,0.57,-0.63,-0.02,-0.28
2018-07-01,GLOBAL,2018-07-15,2018-07-20,0.0375,0.37,-0.5425,0.0175,-0.1925
2018-08-01,US,2018-08-15,2018-08-22,0.17,0.41,-0.52,0.02,-0.07
2018-08-01,EUROPE,2018-08-15,2018-08-22,-0.08,0.41,-0.57,-0.03,-0.22
2018-08-01,JAPAN,2018-08-15,2018-08-22,-0.13,0.06,-0.42,0.07,-0.17
2018-08-01,EM,2018-08-15,2018-08-22,0.27,0.56,-0.62,-0.03,-0.27
2018-08-01,GLOBAL,2018-08-15,2018-08-22,0.0575,0.36,-0.5325,0.0075,-0.1825
2018-09-01,US,2018-09-15,2018-09-21,0.2,0.39,-0.5,0.03,-0.05
2018-09-01,EUROPE,2018-09-15,2018-09-21,-0.05,0.39,-0.55,-0.02,-0.2
2018-09-01,JAPAN,2018-09-15,2018-09-21,-0.1,0.04,-0.4,0.08,-0.15
2018-09-01,EM,2018-09-15,2018-09-21,0.3,0.54,-0.6,-0.02,-0.25
2018-09-01,GLOBAL,2018-09-15,2018-09-21,0.0875,0.34,-0.5125,0.0175,-0.1625
2018-10-01,US,2018-10-15,2018-10-22,0.22,0.36,-0.47,0.05,-0.04
2018-10-01,EUROPE,2018-10-15,2018-10-22,-0.03,0.36,-0.52,0.0,-0.19
2018-10-01,JAPAN,2018-10-15,2018-10-22,-0.08,0.01,-0.37,0.1,-0.14
2018-10-01,EM,2018-10-15,2018-10-22,0.32,0.51,-0.57,0.0,-0.24
2018-10-01,GLOBAL,2018-10-15,2018-10-22,0.1075,0.31,-0.4825,0.0375,-0.1525
2018-11-01,US,2018-11-15,2018-11-22,0.23,0.34,-0.49,0.06,-0.03
2018-11-01,EUROPE,2018-11-15,2018-11-22,-0.02,0.34,-0.54,0.01,-0.18
2018-11-01,JAPAN,2018-11-15,2018-11-22,-0.07,-0.01,-0.39,0.11,-0.13
2018-11-01,EM,2018-11-15,2018-11-22,0.33,0.49,-0.59,0.01,-0.23
2018-11-01,GLOBAL,2018-11-15,2018-11-22,0.1175,0.29,-0.5025,0.0475,-0.1425
2018-12-01,US,2018-12-15,2018-12-21,0.25,0.35,-0.53,0.07,-0.03
2018-12-01,EUROPE,2018-12-15,2018-12-21,0.0,0.35,-0.58,0.02,-0.18
2018-12-01,JAPAN,2018-12-15,2018-12-21,-0.05,0.0,-0.43,0.12,-0.13
2018-12-01,EM,2018-12-15,2018-12-21,0.35,0.5,-0.63,0.02,-0.23
2018-12-01,GLOBAL,2018-12-15,2018-12-21,0.1375,0.3,-0.5425,0.0575,-0.1425
2019-01-01,US,2019-01-15,2019-01-22,0.26,0.4,-0.6,0.07,-0.04
2019-01-01,EUROPE,2019-01-15,2019-01-22,0.01,0.4,-0.65,0.02,-0.19
2019-01-01,JAPAN,2019-01-15,2019-01-22,-0.04,0.05,-0.5,0.12,-0.14
2019-01-01,EM,2019-01-15,2019-01-22,0.36,0.55,-0.7,0.02,-0.24
2019-01-01,GLOBAL,2019-01-15,2019-01-22,0.1475,0.35,-0.6125,0.0575,-0.1525
2019-02-01,US,2019-02-15,2019-02-22,0.13,0.14,0.17,0.33,0.17
2019-02-01,EUROPE,2019-02-15,2019-02-22,-0.12,0.14,0.12,0.28,0.02
2019-02-01,JAPAN,2019-02-15,2019-02-22,-0.17,-0.21,0.27,0.38,0.07
2019-02-01,EM,2019-02-15,2019-02-22,0.23,0.29,0.07,0.28,-0.03
2019-02-01,GLOBAL,2019-02-15,2019-02-22,0.0175,0.09,0.1575,0.3175,0.0575
2019-03-01,US,2019-03-15,2019-03-22,0.1,0.18,0.18,0.34,0.18
2019-03-01,EUROPE,2019-03-15,2019-03-22,-0.15,0.18,0.13,0.29,0.03
2019-03-01,JAPAN,2019-03-15,2019-03-22,-0.2,-0.17,0.28,0.39,0.08
2019-03-01,EM,2019-03-15,2019-03-22,0.2,0.33,0.08,0.29,-0.02
2019-03-01,GLOBAL,2019-03-15,2019-03-22,-0.0125,0.13,0.1675,0.3275,0.0675
2019-04-01,US,2019-04-15,2019-04-22,0.08,0.2,0.18,0.33,0.17
2019-04-01,EUROPE,2019-04-15,2019-04-22,-0.17,0.2,0.13,0.28,0.02
2019-04-01,JAPAN,2019-04-15,2019-04-22,-0.22,-0.15,0.28,0.38,0.07
2019-04-01,EM,2019-04-15,2019-04-22,0.18,0.35,0.08,0.28,-0.03
2019-04-01,GLOBAL,2019-04-15,2019-04-22,-0.0325,0.15,0.1675,0.3175,0.0575
2019-05-01,US,2019-05-15,2019-05-22,0.1,0.16,0.19,0.32,0.16
2019-05-01,EUROPE,2019-05-15,2019-05-22,-0.15,0.16,0.14,0.27,0.01
2019-05-01,JAPAN,2019-05-15,2019-05-22,-0.2,-0.19,0.29,0.37,0.06
2019-05-01,EM,2019-05-15,2019-05-22,0.2,0.31,0.09,0.27,-0.04
2019-05-01,GLOBAL,2019-05-15,2019-05-22,-0.0125,0.11,0.1775,0.3075,0.0475
2019-06-01,US,2019-06-15,2019-06-21,0.07,0.14,0.2,0.3,0.14
2019-06-01,EUROPE,2019-06-15,2019-06-21,-0.18,0.14,0.15,0.25,-0.01
2019-06-01,JAPAN,2019-06-15,2019-06-21,-0.23,-0.21,0.3,0.35,0.04
2019-06-01,EM,2019-06-15,2019-06-21,0.17,0.29,0.1,0.25,-0.06
2019-06-01,GLOBAL,2019-06-15,2019-06-21,-0.0425,0.09,0.1875,0.2875,0.0275
2019-07-01,US,2019-07-15,2019-07-22,0.05,0.12,0.22,0.28,0.12
2019-07-01,EUROPE,2019-07-15,2019-07-22,-0.2,0.12,0.17,0.23,-0.03
2019-07-01,JAPAN,2019-07-15,2019-07-22,-0.25,-0.23,0.32,0.33,0.02
2019-07-01,EM,2019-07-15,2019-07-22,0.15,0.27,0.12,0.23,-0.08
2019-07-01,GLOBAL,2019-07-15,2019-07-22,-0.0625,0.07,0.2075,0.2675,0.0075
2019-08-01,US,2019-08-15,2019-08-22,0.07,0.11,0.23,0.27,0.13
2019-08-01,EUROPE,2019-08-15,2019-08-22,-0.18,0.11,0.18,0.22,-0.02
2019-08-01,JAPAN,2019-08-15,2019-08-22,-0.23,-0.24,0.33,0.32,0.03
2019-08-01,EM,2019-08-15,2019-08-22,0.17,0.26,0.13,0.22,-0.07
2019-08-01,GLOBAL,2019-08-15,2019-08-22,-0.0425,0.06,0.2175,0.2575,0.0175
2019-09-01,US,2019-09-15,2019-09-20,0.1,0.09,0.25,0.28,0.15
2019-09-01,EUROPE,2019-09-15,2019-09-20,-0.15,0.09,0.2,0.23,0.0
2019-09-01,JAPAN,2019-09-15,2019-09-20,-0.2,-0.26,0.35,0.33,0.05
2019-09-01,EM,2019-09-15,2019-09-20,0.2,0.24,0.15,0.23,-0.05
2019-09-01,GLOBAL,2019-09-15,2019-09-20,-0.0125,0.04,0.2375,0.2675,0.0375
2019-10-01,US,2019-10-15,2019-10-22,0.12,0.06,0.28,0.3,0.16
2019-10-01,EUROPE,2019-10-15,2019-10-22,-0.13,0.06,0.23,0.25,0.01
2019-10-01,JAPAN,2019-10-15,2019-10-22,-0.18,-0.29,0.38,0.35,0.06
2019-10-01,EM,2019-10-15,2019-10-22,0.22,0.21,0.18,0.25,-0.04
2019-10-01,GLOBAL,2019-10-15,2019-10-22,0.0075,0.01,0.2675,0.2875,0.0475
2019-11-01,US,2019-11-15,2019-11-22,0.13,0.04,0.26,0.31,0.17
2019-11-01,EUROPE,2019-11-15,2019-11-22,-0.12,0.04,0.21,0.26,0.02
2019-11-01,JAPAN,2019-11-15,2019-11-22,-0.17,-0.31,0.36,0.36,0.07
2019-11-01,EM,2019-11-15,2019-11-22,0.23,0.19,0.16,0.26,-0.03
2019-11-01,GLOBAL,2019-11-15,2019-11-22,0.0175,-0.01,0.2475,0.2975,0.0575
2019-12-01,US,2019-12-15,2019-12-20,0.15,0.05,0.22,0.32,0.17
2019-12-01,EUROPE,2019-12-15,2019-12-20,-0.1,0.05,0.17,0.27,0.02
2019-12-01,JAPAN,2019-12-15,2019-12-20,-0.15,-0.3,0.32,0.37,0.07
2019-12-01,EM,2019-12-15,2019-12-20,0.25,0.2,0.12,0.27,-0.03
2019-12-01,GLOBAL,2019-12-15,2019-12-20,0.0375,0.0,0.2075,0.3075,0.0575
2020-01-01,US,2020-01-15,2020-01-22,-0.89,-0.4,0.5,1.12,-0.79
2020-01-01,EUROPE,2020-01-15,2020-01-22,-1.14,-0.4,0.45,1.07,-0.94
2020-01-01,JAPAN,2020-01-15,2020-01-22,-1.19,-0.75,0.6,1.17,-0.89
2020-01-01,EM,2020-01-15,2020-01-22,-0.79,-0.25,0.4,1.07,-0.99
2020-01-01,GLOBAL,2020-01-15,2020-01-22,-1.0025,-0.45,0.4875,1.1075,-0.9025
2020-02-01,US,2020-02-15,2020-02-21,-0.92,-0.36,0.52,1.13,-0.78
2020-02-01,EUROPE,2020-02-15,2020-02-21,-1.17,-0.36,0.47,1.08,-0.93
2020-02-01,JAPAN,2020-02-15,2020-02-21,-1.22,-0.71,0.62,1.18,-0.88
2020-02-01,EM,2020-02-15,2020-02-21,-0.82,-0.21,0.42,1.08,-0.98
2020-02-01,GLOBAL,2020-02-15,2020-02-21,-1.0325,-0.41,0.5075,1.1175,-0.8925
2020-03-01,US,2020-03-15,2020-03-20,-0.95,-0.32,0.53,1.14,-0.77
2020-03-01,EUROPE,2020-03-15,2020-03-20,-1.2,-0.32,0.48,1.09,-0.92
2020-03-01,JAPAN,2020-03-15,2020-03-20,-1.25,-0.67,0.63,1.19,-0.87
2020-03-01,EM,2020-03-15,2020-03-20,-0.85,-0.17,0.43,1.09,-0.97
2020-03-01,GLOBAL,2020-03-15,2020-03-20,-1.0625,-0.37,0.5175,1.1275,-0.8825
2020-04-01,US,2020-04-15,2020-04-22,-0.97,-0.3,0.53,1.13,-0.78
2020-04-01,EUROPE,2020-04-15,2020-04-22,-1.22,-0.3,0.48,1.08,-0.93
2020-04-01,JAPAN,2020-04-15,2020-04-22,-1.27,-0.65,0.63,1.18,-0.88
2020-04-01,EM,2020-04-15,2020-04-22,-0.87,-0.15,0.43,1.08,-0.98
2020-04-01,GLOBAL,2020-04-15,2020-04-22,-1.0825,-0.35,0.5175,1.1175,-0.8925
2020-05-01,US,2020-05-15,2020-05-22,0.3,0.21,0.24,0.92,0.31
2020-05-01,EUROPE,2020-05-15,2020-05-22,0.05,0.21,0.19,0.87,0.16
2020-05-01,JAPAN,2020-05-15,2020-05-22,0.0,-0.14,0.34,0.97,0.21
2020-05-01,EM,2020-05-15,2020-05-22,0.4,0.36,0.14,0.87,0.11
2020-05-01,GLOBAL,2020-05-15,2020-05-22,0.1875,0.16,0.2275,0.9075,0.1975
2020-06-01,US,2020-06-15,2020-06-22,0.27,0.19,0.25,0.9,0.29
2020-06-01,EUROPE,2020-06-15,2020-06-22,0.02,0.19,0.2,0.85,0.14
2020-06-01,JAPAN,2020-06-15,2020-06-22,-0.03,-0.16,0.35,0.95,0.19
2020-06-01,EM,2020-06-15,2020-06-22,0.37,0.34,0.15,0.85,0.09
2020-06-01,GLOBAL,2020-06-15,2020-06-22,0.1575,0.14,0.2375,0.8875,0.1775
2020-07-01,US,2020-07-15,2020-07-22,0.25,0.17,0.27,0.88,0.27
2020-07-01,EUROPE,2020-07-15,2020-07-22,0.0,0.17,0.22,0.83,0.12
2020-07-01,JAPAN,2020-07-15,2020-07-22,-0.05,-0.18,0.37,0.93,0.17
2020-07-01,EM,2020-07-15,2020-07-22,0.35,0.32,0.17,0.83,0.07
2020-07-01,GLOBAL,2020-07-15,2020-07-22,0.1375,0.12,0.2575,0.8675,0.1575
2020-08-01,US,2020-08-15,2020-08-21,0.27,0.16,0.28,0.87,0.28
2020-08-01,EUROPE,2020-08-15,2020-08-21,0.02,0.16,0.23,0.82,0.13
2020-08-01,JAPAN,2020-08-15,2020-08-21,-0.03,-0.19,0.38,0.92,0.18
2020-08-01,EM,2020-08-15,2020-08-21,0.37,0.31,0.18,0.82,0.08
2020-08-01,GLOBAL,2020-08-15,2020-08-21,0.1575,0.11,0.2675,0.8575,0.1675
2020-09-01,US,2020-09-15,2020-09-22,0.3,0.14,0.3,0.88,0.3
2020-09-01,EUROPE,2020-09-15,2020-09-22,0.05,0.14,0.25,0.83,0.15
2020-09-01,JAPAN,2020-09-15,2020-09-22,0.0,-0.21,0.4,0.93,0.2
2020-09-01,EM,2020-09-15,2020-09-22,0.4,0.29,0.2,0.83,0.1
2020-09-01,GLOBAL,2020-09-15,2020-09-22,0.1875,0.09,0.2875,0.8675,0.1875
2020-10-01,US,2020-10-15,2020-10-22,0.32,0.11,0.33,0.9,0.31
2020-10-01,EUROPE,2020-10-15,2020-10-22,0.07,0.11,0.28,0.85,0.16
2020-10-01,JAPAN,2020-10-15,2020-10-22,0.02,-0.24,0.43,0.95,0.21
2020-10-01,EM,2020-10-15,2020-10-22,0.42,0.26,0.23,0.85,0.11
2020-10-01,GLOBAL,2020-10-15,2020-10-22,0.2075,0.06,0.3175,0.8875,0.1975
2020-11-01,US,2020-11-15,2020-11-20,0.33,0.09,0.31,0.91,0.32
2020-11-01,EUROPE,2020-11-15,2020-11-20,0.08,0.09,0.26,0.86,0.17
2020-11-01,JAPAN,2020-11-15,2020-11-20,0.03,-0.26,0.41,0.96,0.22
2020-11-01,EM,2020-11-15,2020-11-20,0.43,0.24,0.21,0.86,0.12
2020-11-01,GLOBAL,2020-11-15,2020-11-20,0.2175,0.04,0.2975,0.8975,0.2075
2020-12-01,US,2020-12-15,2020-12-22,0.35,0.1,0.27,0.92,0.32
2020-12-01,EUROPE,2020-12-15,2020-12-22,0.1,0.1,0.22,0.87,0.17
2020-12-01,JAPAN,2020-12-15,2020-12-22,0.05,-0.25,0.37,0.97,0.22
2020-12-01,EM,2020-12-15,2020-12-22,0.45,0.25,0.17,0.87,0.12
2020-12-01,GLOBAL,2020-12-15,2020-12-22,0.2375,0.05,0.2575,0.9075,0.2075
2021-01-01,US,2021-01-15,2021-01-22,0.36,0.15,0.2,0.92,0.31
2021-01-01,EUROPE,2021-01-15,2021-01-22,0.11,0.15,0.15,0.87,0.16
2021-01-01,JAPAN,2021-01-15,2021-01-22,0.06,-0.2,0.3,0.97,0.21
2021-01-01,EM,2021-01-15,2021-01-22,0.46,0.3,0.1,0.87,0.11
2021-01-01,GLOBAL,2021-01-15,2021-01-22,0.2475,0.1,0.1875,0.9075,0.1975
2021-02-01,US,2021-02-15,2021-02-22,0.88,1.04,-0.33,0.23,0.37
2021-02-01,EUROPE,2021-02-15,2021-02-22,0.63,1.04,-0.38,0.18,0.22
2021-02-01,JAPAN,2021-02-15,2021-02-22,0.58,0.69,-0.23,0.28,0.27
2021-02-01,EM,2021-02-15,2021-02-22,0.98,1.19,-0.43,0.18,0.17
2021-02-01,GLOBAL,2021-02-15,2021-02-22,0.7675,0.99,-0.3425,0.2175,0.2575
2021-03-01,US,2021-03-15,2021-03-22,0.85,1.08,-0.32,0.24,0.38
2021-03-01,EUROPE,2021-03-15,2021-03-22,0.6,1.08,-0.37,0.19,0.23
2021-03-01,JAPAN,2021-03-15,2021-03-22,0.55,0.73,-0.22,0.29,0.28
2021-03-01,EM,2021-03-15,2021-03-22,0.95,1.23,-0.42,0.19,0.18
2021-03-01,GLOBAL,2021-03-15,2021-03-22,0.7375,1.03,-0.3325,0.2275,0.2675
2021-04-01,US,2021-04-15,2021-04-22,0.83,1.1,-0.32,0.23,0.37
2021-04-01,EUROPE,2021-04-15,2021-04-22,0.58,1.1,-0.37,0.18,0.22
2021-04-01,JAPAN,2021-04-15,2021-04-22,0.53,0.75,-0.22,0.28,0.27
2021-04-01,EM,2021-04-15,2021-04-22,0.93,1.25,-0.42,0.18,0.17
2021-04-01,GLOBAL,2021-04-15,2021-04-22,0.7175,1.05,-0.3325,0.2175,0.2575
2021-05-01,US,2021-05-15,2021-05-21,0.85,1.06,-0.31,0.22,0.36
2021-05-01,EUROPE,2021-05-15,2021-05-21,0.6,1.06,-0.36,0.17,0.21
2021-05-01,JAPAN,2021-05-15,2021-05-21,0.55,0.71,-0.21,0.27,0.26
2021-05-01,EM,2021-05-15,2021-05-21,0.95,1.21,-0.41,0.17,0.16
2021-05-01,GLOBAL,2021-05-15,2021-05-21,0.7375,1.01,-0.3225,0.2075,0.2475
2021-06-01,US,2021-06-15,2021-06-22,0.82,1.04,-0.3,0.2,0.34
2021-06-01,EUROPE,2021-06-15,2021-06-22,0.57,1.04,-0.35,0.15,0.19
2021-06-01,JAPAN,2021-06-15,2021-06-22,0.52,0.69,-0.2,0.25,0.24
2021-06-01,EM,2021-06-15,2021-06-22,0.92,1.19,-0.4,0.15,0.14
2021-06-01,GLOBAL,2021-06-15,2021-06-22,0.7075,0.99,-0.3125,0.1875,0.2275
2021-07-01,US,2021-07-15,2021-07-22,0.8,1.02,-0.28,0.18,0.32
2021-07-01,EUROPE,2021-07-15,2021-07-22,0.55,1.02,-0.33,0.13,0.17
2021-07-01,JAPAN,2021-07-15,2021-07-22,0.5,0.67,-0.18,0.23,0.22
2021-07-01,EM,2021-07-15,2021-07-22,0.9,1.17,-0.38,0.13,0.12
2021-07-01,GLOBAL,2021-07-15,2021-07-22,0.6875,0.97,-0.2925,0.1675,0.2075
2021-08-01,US,2021-08-15,2021-08-20,0.82,1.01,-0.27,0.17,0.33
2021-08-01,EUROPE,2021-08-15,2021-08-20,0.57,1.01,-0.32,0.12,0.18
2021-08-01,JAPAN,2021-08-15,2021-08-20,0.52,0.66,-0.17,0.22,0.23
2021-08-01,EM,2021-08-15,2021-08-20,0.92,1.16,-0.37,0.12,0.13
2021-08-01,GLOBAL,2021-08-15,2021-08-20,0.7075,0.96,-0.2825,0.1575,0.2175
2021-09-01,US,2021-09-15,2021-09-22,0.85,0.99,-0.25,0.18,0.35
2021-09-01,EUROPE,2021-09-15,2021-09-22,0.6,0.99,-0.3,0.13,0.2
2021-09-01,JAPAN,2021-09-15,2021-09-22,0.55,0.64,-0.15,0.23,0.25
2021-09-01,EM,2021-09-15,2021-09-22,0.95,1.14,-0.35,0.13,0.15
2021-09-01,GLOBAL,2021-09-15,2021-09-22,0.7375,0.94,-0.2625,0.1675,0.2375
2021-10-01,US,2021-10-15,2021-10-22,0.87,0.96,-0.22,0.2,0.36
2021-10-01,EUROPE,2021-10-15,2021-10-22,0.62,0.96,-0.27,0.15,0.21
2021-10-01,JAPAN,2021-10-15,2021-10-22,0.57,0.61,-0.12,0.25,0.26
2021-10-01,EM,2021-10-15,2021-10-22,0.97,1.11,-0.32,0.15,0.16
2021-10-01,GLOBAL,2021-10-15,2021-10-22,0.7575,0.91,-0.2325,0.1875,0.2475
2021-11-01,US,2021-11-15,2021-11-22,-0.07,1.14,-0.89,-0.34,-0.48
2021-11-01,EUROPE,2021-11-15,2021-11-22,-0.32,1.14,-0.94,-0.39,-0.63
2021-11-01,JAPAN,2021-11-15,2021-11-22,-0.37,0.79,-0.79,-0.29,-0.58
2021-11-01,EM,2021-11-15,2021-11-22,0.03,1.29,-0.99,-0.39,-0.68
2021-11-01,GLOBAL,2021-11-15,2021-11-22,-0.1825,1.09,-0.9025,-0.3525,-0.5925
2021-12-01,US,2021-12-15,2021-12-22,-0.05,1.15,-0.93,-0.33,-0.48
2021-12-01,EUROPE,2021-12-15,2021-12-22,-0.3,1.15,-0.98,-0.38,-0.63
2021-12-01,JAPAN,2021-12-15,2021-12-22,-0.35,0.8,-0.83,-0.28,-0.58
2021-12-01,EM,2021-12-15,2021-12-22,0.05,1.3,-1.03,-0.38,-0.68
2021-12-01,GLOBAL,2021-12-15,2021-12-22,-0.1625,1.1,-0.9425,-0.3425,-0.5925
2022-01-01,US,2022-01-15,2022-01-21,-0.04,1.2,-1.0,-0.33,-0.49
2022-01-01,EUROPE,2022-01-15,2022-01-21,-0.29,1.2,-1.05,-0.38,-0.64
2022-01-01,JAPAN,2022-01-15,2022-01-21,-0.34,0.85,-0.9,-0.28,-0.59
2022-01-01,EM,2022-01-15,2022-01-21,0.06,1.35,-1.1,-0.38,-0.69
2022-01-01,GLOBAL,2022-01-15,2022-01-21,-0.1525,1.15,-1.0125,-0.3425,-0.6025
2022-02-01,US,2022-02-15,2022-02-22,-0.07,1.24,-0.98,-0.32,-0.48
2022-02-01,EUROPE,2022-02-15,2022-02-22,-0.32,1.24,-1.03,-0.37,-0.63
2022-02-01,JAPAN,2022-02-15,2022-02-22,-0.37,0.89,-0.88,-0.27,-0.58
2022-02-01,EM,2022-02-15,2022-02-22,0.03,1.39,-1.08,-0.37,-0.68
2022-02-01,GLOBAL,2022-02-15,2022-02-22,-0.1825,1.19,-0.9925,-0.3325,-0.5925
2022-03-01,US,2022-03-15,2022-03-22,-0.1,1.28,-0.97,-0.31,-0.47
2022-03-01,EUROPE,2022-03-15,2022-03-22,-0.35,1.28,-1.02,-0.36,-0.62
2022-03-01,JAPAN,2022-03-15,2022-03-22,-0.4,0.93,-0.87,-0.26,-0.57
2022-03-01,EM,2022-03-15,2022-03-22,0.0,1.43,-1.07,-0.36,-0.67
2022-03-01,GLOBAL,2022-03-15,2022-03-22,-0.2125,1.23,-0.9825,-0.3225,-0.5825
2022-04-01,US,2022-04-15,2022-04-22,-0.12,1.3,-0.97,-0.32,-0.48
2022-04-01,EUROPE,2022-04-15,2022-04-22,-0.37,1.3,-1.02,-0.37,-0.63
2022-04-01,JAPAN,2022-04-15,2022-04-22,-0.42,0.95,-0.87,-0.27,-0.58
2022-04-01,EM,2022-04-15,2022-04-22,-0.02,1.45,-1.07,-0.37,-0.68
2022-04-01,GLOBAL,2022-04-15,2022-04-22,-0.2325,1.25,-0.9825,-0.3325,-0.5925
2022-05-01,US,2022-05-15,2022-05-20,-0.1,1.26,-0.96,-0.33,-0.49
2022-05-01,EUROPE,2022-05-15,2022-05-20,-0.35,1.26,-1.01,-0.38,-0.64
2022-05-01,JAPAN,2022-05-15,2022-05-20,-0.4,0.91,-0.86,-0.28,-0.59
2022-05-01,EM,2022-05-15,2022-05-20,0.0,1.41,-1.06,-0.38,-0.69
2022-05-01,GLOBAL,2022-05-15,2022-05-20,-0.2125,1.21,-0.9725,-0.3425,-0.6025
2022-06-01,US,2022-06-15,2022-06-22,-0.13,1.24,-0.95,-0.35,-0.51
2022-06-01,EUROPE,2022-06-15,2022-06-22,-0.38,1.24,-1.0,-0.4,-0.66
2022-06-01,JAPAN,2022-06-15,2022-06-22,-0.43,0.89,-0.85,-0.3,-0.61
2022-06-01,EM,2022-06-15,2022-06-22,-0.03,1.39,-1.05,-0.4,-0.71
2022-06-01,GLOBAL,2022-06-15,2022-06-22,-0.2425,1.19,-0.9625,-0.3625,-0.6225
2022-07-01,US,2022-07-15,2022-07-22,-0.15,1.22,-0.93,-0.37,-0.53
2022-07-01,EUROPE,2022-07-15,2022-07-22,-0.4,1.22,-0.98,-0.42,-0.68
2022-07-01,JAPAN,2022-07-15,2022-07-22,-0.45,0.87,-0.83,-0.32,-0.63
2022-07-01,EM,2022-07-15,2022-07-22,-0.05,1.37,-1.03,-0.42,-0.73
2022-07-01,GLOBAL,2022-07-15,2022-07-22,-0.2625,1.17,-0.9425,-0.3825,-0.6425
2022-08-01,US,2022-08-15,2022-08-22,-0.13,1.21,-0.92,-0.38,-0.52
2022-08-01,EUROPE,2022-08-15,2022-08-22,-0.38,1.21,-0.97,-0.43,-0.67
2022-08-01,JAPAN,2022-08-15,2022-08-22,-0.43,0.86,-0.82,-0.33,-0.62
2022-08-01,EM,2022-08-15,2022-08-22,-0.03,1.36,-1.02,-0.43,-0.72
2022-08-01,GLOBAL,2022-08-15,2022-08-22,-0.2425,1.16,-0.9325,-0.3925,-0.6325
2022-09-01,US,2022-09-15,2022-09-22,-0.1,1.19,-0.9,-0.37,-0.5
2022-09-01,EUROPE,2022-09-15,2022-09-22,-0.35,1.19,-0.95,-0.42,-0.65
2022-09-01,JAPAN,2022-09-15,2022-09-22,-0.4,0.84,-0.8,-0.32,-0.6
2022-09-01,EM,2022-09-15,2022-09-22,0.0,1.34,-1.0,-0.42,-0.7
2022-09-01,GLOBAL,2022-09-15,2022-09-22,-0.2125,1.14,-0.9125,-0.3825,-0.6125
2022-10-01,US,2022-10-15,2022-10-21,-0.08,1.16,-0.87,-0.35,-0.49
2022-10-01,EUROPE,2022-10-15,2022-10-21,-0.33,1.16,-0.92,-0.4,-0.64
2022-10-01,JAPAN,2022-10-15,2022-10-21,-0.38,0.81,-0.77,-0.3,-0.59
2022-10-01,EM,2022-10-15,2022-10-21,0.02,1.31,-0.97,-0.4,-0.69
2022-10-01,GLOBAL,2022-10-15,2022-10-21,-0.1925,1.11,-0.8825,-0.3625,-0.6025
2022-11-01,US,2022-11-15,2022-11-22,0.23,0.29,-0.29,0.16,0.02
2022-11-01,EUROPE,2022-11-15,2022-11-22,-0.02,0.29,-0.34,0.11,-0.13
2022-11-01,JAPAN,2022-11-15,2022-11-22,-0.07,-0.06,-0.19,0.21,-0.08
2022-11-01,EM,2022-11-15,2022-11-22,0.33,0.44,-0.39,0.11,-0.18
2022-11-01,GLOBAL,2022-11-15,2022-11-22,0.1175,0.24,-0.3025,0.1475,-0.0925
2022-12-01,US,2022-12-15,2022-12-22,0.25,0.3,-0.33,0.17,0.02
2022-12-01,EUROPE,2022-12-15,2022-12-22,0.0,0.3,-0.38,0.12,-0.13
2022-12-01,JAPAN,2022-12-15,2022-12-22,-0.05,-0.05,-0.23,0.22,-0.08
2022-12-01,EM,2022-12-15,2022-12-22,0.35,0.45,-0.43,0.12,-0.18
2022-12-01,GLOBAL,2022-12-15,2022-12-22,0.1375,0.25,-0.3425,0.1575,-0.0925
2023-01-01,US,2023-01-15,2023-01-20,0.26,0.35,-0.4,0.17,0.01
2023-01-01,EUROPE,2023-01-15,2023-01-20,0.01,0.35,-0.45,0.12,-0.14
2023-01-01,JAPAN,2023-01-15,2023-01-20,-0.04,0.0,-0.3,0.22,-0.09
2023-01-01,EM,2023-01-15,2023-01-20,0.36,0.5,-0.5,0.12,-0.19
2023-01-01,GLOBAL,2023-01-15,2023-01-20,0.1475,0.3,-0.4125,0.1575,-0.1025
2023-02-01,US,2023-02-15,2023-02-22,0.23,0.39,-0.38,0.18,0.02
2023-02-01,EUROPE,2023-02-15,2023-02-22,-0.02,0.39,-0.43,0.13,-0.13
2023-02-01,JAPAN,2023-02-15,2023-02-22,-0.07,0.04,-0.28,0.23,-0.08
2023-02-01,EM,2023-02-15,2023-02-22,0.33,0.54,-0.48,0.13,-0.18
2023-02-01,GLOBAL,2023-02-15,2023-02-22,0.1175,0.34,-0.3925,0.1675,-0.0925
2023-03-01,US,2023-03-15,2023-03-22,0.2,0.43,-0.37,0.19,0.03
2023-03-01,EUROPE,2023-03-15,2023-03-22,-0.05,0.43,-0.42,0.14,-0.12
2023-03-01,JAPAN,2023-03-15,2023-03-22,-0.1,0.08,-0.27,0.24,-0.07
2023-03-01,EM,2023-03-15,2023-03-22,0.3,0.58,-0.47,0.14,-0.17
2023-03-01,GLOBAL,2023-03-15,2023-03-22,0.0875,0.38,-0.3825,0.1775,-0.0825
2023-04-01,US,2023-04-15,2023-04-21,0.18,0.45,-0.37,0.18,0.02
2023-04-01,EUROPE,2023-04-15,2023-04-21,-0.07,0.45,-0.42,0.13,-0.13
2023-04-01,JAPAN,2023-04-15,2023-04-21,-0.12,0.1,-0.27,0.23,-0.08
2023-04-01,EM,2023-04-15,2023-04-21,0.28,0.6,-0.47,0.13,-0.18
2023-04-01,GLOBAL,2023-04-15,2023-04-21,0.0675,0.4,-0.3825,0.1675,-0.0925
2023-05-01,US,2023-05-15,2023-05-22,0.2,0.41,-0.36,0.17,0.01
2023-05-01,EUROPE,2023-05-15,2023-05-22,-0.05,0.41,-0.41,0.12,-0.14
2023-05-01,JAPAN,2023-05-15,2023-05-22,-0.1,0.06,-0.26,0.22,-0.09
2023-05-01,EM,2023-05-15,2023-05-22,0.3,0.56,-0.46,0.12,-0.19
2023-05-01,GLOBAL,2023-05-15,2023-05-22,0.0875,0.36,-0.3725,0.1575,-0.1025
2023-06-01,US,2023-06-15,2023-06-22,0.17,0.39,-0.35,0.15,-0.01
2023-06-01,EUROPE,2023-06-15,2023-06-22,-0.08,0.39,-0.4,0.1,-0.16
2023-06-01,JAPAN,2023-06-15,2023-06-22,-0.13,0.04,-0.25,0.2,-0.11
2023-06-01,EM,2023-06-15,2023-06-22,0.27,0.54,-0.45,0.1,-0.21
2023-06-01,GLOBAL,2023-06-15,2023-06-22,0.0575,0.34,-0.3625,0.1375,-0.1225
2023-07-01,US,2023-07-15,2023-07-21,0.15,0.37,-0.33,0.13,-0.03
2023-07-01,EUROPE,2023-07-15,2023-07-21,-0.1,0.37,-0.38,0.08,-0.18
2023-07-01,JAPAN,2023-07-15,2023-07-21,-0.15,0.02,-0.23,0.18,-0.13
2023-07-01,EM,2023-07-15,2023-07-21,0.25,0.52,-0.43,0.08,-0.23
2023-07-01,GLOBAL,2023-07-15,2023-07-21,0.0375,0.32,-0.3425,0.1175,-0.1425
2023-08-01,US,2023-08-15,2023-08-22,0.17,0.36,-0.32,0.12,-0.02
2023-08-01,EUROPE,2023-08-15,2023-08-22,-0.08,0.36,-0.37,0.07,-0.17
2023-08-01,JAPAN,2023-08-15,2023-08-22,-0.13,0.01,-0.22,0.17,-0.12
2023-08-01,EM,2023-08-15,2023-08-22,0.27,0.51,-0.42,0.07,-0.22
2023-08-01,GLOBAL,2023-08-15,2023-08-22,0.0575,0.31,-0.3325,0.1075,-0.1325
2023-09-01,US,2023-09-15,2023-09-22,0.2,0.34,-0.3,0.13,0.0
2023-09-01,EUROPE,2023-09-15,2023-09-22,-0.05,0.34,-0.35,0.08,-0.15
2023-09-01,JAPAN,2023-09-15,2023-09-22,-0.1,-0.01,-0.2,0.18,-0.1
2023-09-01,EM,2023-09-15,2023-09-22,0.3,0.49,-0.4,0.08,-0.2
2023-09-01,GLOBAL,2023-09-15,2023-09-22,0.0875,0.29,-0.3125,0.1175,-0.1125
2023-10-01,US,2023-10-15,2023-10-20,0.22,0.31,-0.27,0.15,0.01
2023-10-01,EUROPE,2023-10-15,2023-10-20,-0.03,0.31,-0.32,0.1,-0.14
2023-10-01,JAPAN,2023-10-15,2023-10-20,-0.08,-0.04,-0.17,0.2,-0.09
2023-10-01,EM,2023-10-15,2023-10-20,0.32,0.46,-0.37,0.1,-0.19
2023-10-01,GLOBAL,2023-10-15,2023-10-20,0.1075,0.26,-0.2825,0.1375,-0.1025
2023-11-01,US,2023-11-15,2023-11-22,0.48,-0.11,0.21,0.31,0.27
2023-11-01,EUROPE,2023-11-15,2023-11-22,0.23,-0.11,0.16,0.26,0.12
2023-11-01,JAPAN,2023-11-15,2023-11-22,0.18,-0.46,0.31,0.36,0.17
2023-11-01,EM,2023-11-15,2023-11-22,0.58,0.04,0.11,0.26,0.07
2023-11-01,GLOBAL,2023-11-15,2023-11-22,0.3675,-0.16,0.1975,0.2975,0.1575
2023-12-01,US,2023-12-15,2023-12-22,0.5,-0.1,0.17,0.32,0.27
2023-12-01,EUROPE,2023-12-15,2023-12-22,0.25,-0.1,0.12,0.27,0.12
2023-12-01,JAPAN,2023-12-15,2023-12-22,0.2,-0.45,0.27,0.37,0.17
2023-12-01,EM,2023-12-15,2023-12-22,0.6,0.05,0.07,0.27,0.07
2023-12-01,GLOBAL,2023-12-15,2023-12-22,0.3875,-0.15,0.1575,0.3075,0.1575
2024-01-01,US,2024-01-15,2024-01-22,0.51,-0.05,0.1,0.32,0.26
2024-01-01,EUROPE,2024-01-15,2024-01-22,0.26,-0.05,0.05,0.27,0.11
2024-01-01,JAPAN,2024-01-15,2024-01-22,0.21,-0.4,0.2,0.37,0.16
2024-01-01,EM,2024-01-15,2024-01-22,0.61,0.1,-0.0,0.27,0.06
2024-01-01,GLOBAL,2024-01-15,2024-01-22,0.3975,-0.1,0.0875,0.3075,0.1475
2024-02-01,US,2024-02-15,2024-02-22,0.48,-0.01,0.12,0.33,0.27
2024-02-01,EUROPE,2024-02-15,2024-02-22,0.23,-0.01,0.07,0.28,0.12
2024-02-01,JAPAN,2024-02-15,2024-02-22,0.18,-0.36,0.22,0.38,0.17
2024-02-01,EM,2024-02-15,2024-02-22,0.58,0.14,0.02,0.28,0.07
2024-02-01,GLOBAL,2024-02-15,2024-02-22,0.3675,-0.06,0.1075,0.3175,0.1575
2024-03-01,US,2024-03-15,2024-03-22,0.45,0.03,0.13,0.34,0.28
2024-03-01,EUROPE,2024-03-15,2024-03-22,0.2,0.03,0.08,0.29,0.13
2024-03-01,JAPAN,2024-03-15,2024-03-22,0.15,-0.32,0.23,0.39,0.18
2024-03-01,EM,2024-03-15,2024-03-22,0.55,0.18,0.03,0.29,0.08
2024-03-01,GLOBAL,2024-03-15,2024-03-22,0.3375,-0.02,0.1175,0.3275,0.1675
2024-04-01,US,2024-04-15,2024-04-22,0.43,0.05,0.13,0.33,0.27
2024-04-01,EUROPE,2024-04-15,2024-04-22,0.18,0.05,0.08,0.28,0.12
2024-04-01,JAPAN,2024-04-15,2024-04-22,0.13,-0.3,0.23,0.38,0.17
2024-04-01,EM,2024-04-15,2024-04-22,0.53,0.2,0.03,0.28,0.07
2024-04-01,GLOBAL,2024-04-15,2024-04-22,0.3175,0.0,0.1175,0.3175,0.1575
2024-05-01,US,2024-05-15,2024-05-22,0.45,0.01,0.14,0.32,0.26
2024-05-01,EUROPE,2024-05-15,2024-05-22,0.2,0.01,0.09,0.27,0.11
2024-05-01,JAPAN,2024-05-15,2024-05-22,0.15,-0.34,0.24,0.37,0.16
2024-05-01,EM,2024-05-15,2024-05-22,0.55,0.16,0.04,0.27,0.06
2024-05-01,GLOBAL,2024-05-15,2024-05-22,0.3375,-0.04,0.1275,0.3075,0.1475
2024-06-01,US,2024-06-15,2024-06-21,0.42,-0.01,0.15,0.3,0.24
2024-06-01,EUROPE,2024-06-15,2024-06-21,0.17,-0.01,0.1,0.25,0.09
2024-06-01,JAPAN,2024-06-15,2024-06-21,0.12,-0.36,0.25,0.35,0.14
2024-06-01,EM,2024-06-15,2024-06-21,0.52,0.14,0.05,0.25,0.04
2024-06-01,GLOBAL,2024-06-15,2024-06-21,0.3075,-0.06,0.1375,0.2875,0.1275
2024-07-01,US,2024-07-15,2024-07-22,0.4,-0.03,0.17,0.28,0.22
2024-07-01,EUROPE,2024-07-15,2024-07-22,0.15,-0.03,0.12,0.23,0.07
2024-07-01,JAPAN,2024-07-15,2024-07-22,0.1,-0.38,0.27,0.33,0.12
2024-07-01,EM,2024-07-15,2024-07-22,0.5,0.12,0.07,0.23,0.02
2024-07-01,GLOBAL,2024-07-15,2024-07-22,0.2875,-0.08,0.1575,0.2675,0.1075
2024-08-01,US,2024-08-15,2024-08-22,0.42,-0.04,0.18,0.27,0.23
2024-08-01,EUROPE,2024-08-15,2024-08-22,0.17,-0.04,0.13,0.22,0.08
2024-08-01,JAPAN,2024-08-15,2024-08-22,0.12,-0.39,0.28,0.32,0.13
2024-08-01,EM,2024-08-15,2024-08-22,0.52,0.11,0.08,0.22,0.03
2024-08-01,GLOBAL,2024-08-15,2024-08-22,0.3075,-0.09,0.1675,0.2575,0.1175
2024-09-01,US,2024-09-15,2024-09-20,0.45,-0.06,0.2,0.28,0.25
2024-09-01,EUROPE,2024-09-15,2024-09-20,0.2,-0.06,0.15,0.23,0.1
2024-09-01,JAPAN,2024-09-15,2024-09-20,0.15,-0.41,0.3,0.33,0.15
2024-09-01,EM,2024-09-15,2024-09-20,0.55,0.09,0.1,0.23,0.05
2024-09-01,GLOBAL,2024-09-15,2024-09-20,0.3375,-0.11,0.1875,0.2675,0.1375
2024-10-01,US,2024-10-15,2024-10-22,0.47,-0.09,0.23,0.3,0.26
2024-10-01,EUROPE,2024-10-15,2024-10-22,0.22,-0.09,0.18,0.25,0.11
2024-10-01,JAPAN,2024-10-15,2024-10-22,0.17,-0.44,0.33,0.35,0.16
2024-10-01,EM,2024-10-15,2024-10-22,0.57,0.06,0.13,0.25,0.06
2024-10-01,GLOBAL,2024-10-15,2024-10-22,0.3575,-0.14,0.2175,0.2875,0.1475
2024-11-01,US,2024-11-15,2024-11-22,0.48,-0.11,0.21,0.31,0.27
2024-11-01,EUROPE,2024-11-15,2024-11-22,0.23,-0.11,0.16,0.26,0.12
2024-11-01,JAPAN,2024-11-15,2024-11-22,0.18,-0.46,0.31,0.36,0.17
2024-11-01,EM,2024-11-15,2024-11-22,0.58,0.04,0.11,0.26,0.07
2024-11-01,GLOBAL,2024-11-15,2024-11-22,0.3675,-0.16,0.1975,0.2975,0.1575
2024-12-01,US,2024-12-15,2024-12-20,0.5,-0.1,0.17,0.32,0.27
2024-12-01,EUROPE,2024-12-15,2024-12-20,0.25,-0.1,0.12,0.27,0.12
2024-12-01,JAPAN,2024-12-15,2024-12-20,0.2,-0.45,0.27,0.37,0.17
2024-12-01,EM,2024-12-15,2024-12-20,0.6,0.05,0.07,0.27,0.07
2024-12-01,GLOBAL,2024-12-15,2024-12-20,0.3875,-0.15,0.1575,0.3075,0.1575
