symbol,date,implied_vol,implied_vol_percentile,event_risk_score,realized_vol
TSLA,2020-12-01,0.52,28,0.82,0.44
TSLA,2021-03-01,0.75,72,0.35,0.61
TSLA,2022-09-01,0.49,24,0.88,0.39
TSLA,2023-01-15,0.68,70,0.40,0.58
NVDA,2022-05-01,0.46,26,0.78,0.33
NVDA,2022-09-01,0.63,68,0.34,0.49
NVDA,2023-05-01,0.42,22,0.86,0.31
NVDA,2023-08-25,0.71,79,0.45,0.60
NFLX,2022-01-01,0.38,18,0.74,0.27
NFLX,2022-04-21,0.69,82,0.50,0.57
AMD,2022-10-01,0.41,25,0.76,0.29
AMD,2023-02-01,0.60,66,0.41,0.46
QQQ,2020-10-01,0.24,20,0.73,0.18
QQQ,2020-11-15,0.33,62,0.30,0.25
