index_name,symbol,effective_from,effective_to
SP500,A,2000-06-05,
SP500,AABA,1999-12-08,2017-06-18
SP500,AAL,2015-03-23,2024-09-22
SP500,AAL-199702,1996-01-02,1997-01-14
SP500,AAMRQ-201312,1996-01-02,2003-03-13
SP500,AAP,2015-07-09,2023-08-24
SP500,AAPL,1996-01-02,
SP500,ABBV,2013-01-02,
SP500,ABI-200811,1996-01-02,2008-11-23
SP500,ABKFQ-201304,2000-12-11,2008-06-10
SP500,ABMD,2018-05-31,2022-12-21
SP500,ABNB,2023-09-18,
SP500,ABS-200606,1996-01-02,2006-06-01
SP500,ABT,1996-01-02,
SP500,ABX,1996-01-02,2002-07-21
SP500,ACAS-201701,2007-07-09,2009-03-03
SP500,ACGL,2022-11-01,
SP500,ACKH-200211,1996-01-02,2000-11-16
SP500,ACN,2011-07-06,
SP500,ACS-201002,2004-04-02,2010-02-07
SP500,ACV-201105,1996-01-02,2006-11-16
SP500,ADBE,1997-05-06,
SP500,ADCT-201012,1999-08-02,2007-07-01
SP500,ADI,1999-10-12,
SP500,ADM,1996-01-02,
SP500,ADP,1996-01-02,
SP500,ADS,2013-12-23,2020-06-21
SP500,ADSK,1996-01-02,
SP500,ADT-201604,2012-10-02,2016-05-01
SP500,AEE,1996-01-02,
SP500,AEP,1996-01-02,
SP500,AES,1998-10-02,
SP500,AET-201811,1996-01-02,2018-11-28
SP500,AFL,1999-05-28,
SP500,AFS-A-200011,1998-04-08,2000-11-30
SP500,AGC-200108,1996-01-02,2001-08-28
SP500,AGN,1999-04-12,2020-05-11
SP500,AGN-201503,1996-01-02,2015-03-16
SP500,AHM-199810,1996-01-02,1998-09-30
SP500,AIG,1996-01-02,
SP500,AIT-199910,1996-01-02,1999-10-10
SP500,AIV,2003-03-14,2020-12-20
SP500,AIZ,2007-04-10,
SP500,AJG,2016-05-31,
SP500,AKAM,2007-07-12,
SP500,AKS,2008-07-01,2011-12-18
SP500,AL-200711,1996-01-02,2002-07-21
SP500,ALB,2016-07-01,
SP500,ALGN,2017-06-19,
SP500,ALK,2016-05-13,2023-12-17
SP500,ALL,1996-01-02,
SP500,ALLE,2013-12-02,
SP500,ALTR-201512,2000-04-18,2015-12-27
SP500,ALXN,2012-05-25,2021-07-20
SP500,AM-201308,1996-01-02,2004-05-02
SP500,AMAT,1996-01-02,
SP500,AMCC-201701,2001-01-02,2006-05-17
SP500,AMCR,2019-06-11,
SP500,AMD,1996-01-02,2013-09-22
SP500,AMD,2017-03-20,
SP500,AME,2013-09-23,
SP500,AMG,2014-07-01,2019-12-22
SP500,AMGN,1996-01-02,
SP500,AMH-199709,1996-01-02,1997-09-14
SP500,AMP,2005-10-03,
SP500,AMP-199904,1996-01-02,1999-04-04
SP500,AMT,2007-11-19,
SP500,AMTM,2024-09-30,2024-12-22
SP500,AMZN,2005-11-21,
SP500,AN,2003-02-24,2017-08-07
SP500,AN-199812,1996-01-02,1999-01-03
SP500,ANDV-201809,2007-09-27,2018-09-30
SP500,ANDW-200712,1996-01-02,2006-10-01
SP500,ANET,2018-08-28,
SP500,ANF,2007-03-29,2013-12-22
SP500,ANRZQ-201607,2011-06-02,2012-10-01
SP500,ANSS,2017-06-19,2025-07-17
SP500,ANV-199904,1996-01-02,1999-04-11
SP500,AON,1996-04-23,
SP500,AOS,2017-07-26,
SP500,APA,1997-07-28,
SP500,APC,1997-07-28,2019-08-08
SP500,APCC-200702,2000-06-01,2007-02-14
SP500,APD,1996-01-02,
SP500,APH,2008-09-30,
SP500,APO,2024-12-23,
SP500,APOL-201702,2002-05-15,2013-06-30
SP500,APP,2025-09-22,
SP500,APTV,2012-12-24,
SP500,AR-199911,1996-01-02,1999-10-26
SP500,ARC-200004,1996-01-02,2000-04-17
SP500,ARE,2017-03-20,
SP500,ARES,2025-12-11,
SP500,ARG-201605,2009-09-09,2016-05-22
SP500,ARNC,1996-01-02,2020-03-31
SP500,AS-199909,1996-01-02,1998-11-23
SP500,ASC-199906,1996-01-02,1999-06-23
SP500,ASH,1996-01-02,2008-11-13
SP500,ASN-200710,2004-12-20,2007-10-07
SP500,ASND-199906,1998-06-12,1999-06-24
SP500,ASO-200611,1999-03-10,2006-11-05
SP500,AT-200711,1996-01-02,2007-11-18
SP500,ATGE,2009-06-09,2012-09-30
SP500,ATI,1996-01-02,2015-07-01
SP500,ATI-199906,1996-01-02,1999-06-29
SP500,ATO,2019-02-15,
SP500,ATVI,2015-08-31,2023-10-17
SP500,AV-200710,2000-10-02,2007-10-25
SP500,AVB,2007-01-10,2026-08-17
SP500,AVGO,2014-05-08,
SP500,AVP,1996-01-02,2015-03-22
SP500,AVY,1996-01-02,
SP500,AW-200812,1999-08-02,2008-12-04
SP500,AWE-200410,2001-07-09,2004-10-26
SP500,AWK,2016-03-04,
SP500,AXON,2023-05-04,
SP500,AXP,1996-01-02,
SP500,AYE-201102,2000-12-11,2011-02-27
SP500,AYI,2016-05-03,2018-06-17
SP500,AZA-A-200106,1996-01-02,2001-06-24
SP500,AZO,1997-01-02,
SP500,BA,1996-01-02,
SP500,BAC,1996-01-02,
SP500,BAC-199809,1996-01-02,1998-09-30
SP500,BALL,1996-01-02,
SP500,BAX,1996-01-02,
SP500,BAY-199808,1996-02-12,1998-08-30
SP500,BBBY,1999-10-01,2017-07-25
SP500,BBI-199801,1996-01-02,1998-01-11
SP500,BBWI,1996-01-02,2024-09-30
SP500,BBY,1999-06-30,
SP500,BC,1996-01-02,2008-06-22
SP500,BCO,1996-01-02,1996-01-21
SP500,BCR-201712,1996-01-02,2017-12-28
SP500,BDK-201003,1996-01-02,2010-03-14
SP500,BDX,1996-01-02,
SP500,BEAM-201404,1996-01-02,2014-04-30
SP500,BEN,1998-04-29,
SP500,BEV-200603,1996-01-02,1997-12-03
SP500,BF-B,1996-01-02,
SP500,BFI-199907,1996-01-02,1999-08-01
SP500,BFO-200010,1996-01-02,2000-10-02
SP500,BG,2023-03-15,
SP500,BGEN-200311,2000-01-31,2003-11-12
SP500,BGG,1996-01-02,2001-04-02
SP500,BHF,2017-08-07,2019-04-01
SP500,BHMSQ-200401,1996-01-02,2000-12-10
SP500,BIG,1998-01-20,2013-02-13
SP500,BIIB,2003-11-13,
SP500,BIO,2020-06-22,2024-09-22
SP500,BJS-201004,2002-05-15,2010-04-28
SP500,BKB-199909,1996-01-02,1999-09-30
SP500,BKNG,2009-11-06,
SP500,BKR,1996-01-02,
SP500,BLDR,2023-12-18,
SP500,BLK,2011-04-04,
SP500,BLS-200612,1996-01-02,2007-01-02
SP500,BLY-199612,1996-01-02,1996-12-18
SP500,BMC-201309,1998-10-01,2013-09-10
SP500,BMET-200709,1996-01-02,2007-07-11
SP500,BMGCA-200101,1996-07-22,1999-08-08
SP500,BMS,1996-01-02,2014-12-04
SP500,BMS,2019-06-07,2019-06-10
SP500,BMY,1996-01-02,
SP500,BNI-201002,1996-01-02,2010-02-15
SP500,BNL-199806,1996-01-02,1998-06-30
SP500,BNY,1996-01-02,
SP500,BOAT-199701,1996-01-02,1997-01-06
SP500,BOL-200710,1996-01-02,2007-10-28
SP500,BR,2018-06-18,
SP500,BR-200603,1996-01-02,2006-04-02
SP500,BRCM-201601,2000-07-03,2016-01-31
SP500,BRK-B,2010-02-16,
SP500,BRL-200812,2006-02-27,2008-12-22
SP500,BRO,2021-09-20,
SP500,BSC-200805,1998-07-01,2008-06-01
SP500,BSX,1996-01-02,
SP500,BT-199906,1996-01-02,1999-06-03
SP500,BTUUQ-201704,2006-11-20,2014-09-21
SP500,BUD-200811,1996-01-02,2008-11-17
SP500,BVSN,2000-11-06,2001-09-03
SP500,BWA,2011-12-19,2025-03-23
SP500,BX,2023-09-18,
SP500,BXLT-201606,2015-07-01,2016-06-02
SP500,BXP,2006-04-03,
SP500,C,1996-01-02,
SP500,C-199811,1996-01-02,1998-11-12
SP500,CA-201811,1996-01-02,2018-11-05
SP500,CAG,1996-01-02,2026-06-29
SP500,CAH,1997-05-27,
SP500,CAL,1996-01-02,1996-07-21
SP500,CAM-201604,2008-01-29,2016-04-03
SP500,CAR,1996-01-02,2006-07-31
SP500,CARR,2020-04-03,
SP500,CASY,2026-04-09,
SP500,CAT,1996-01-02,
SP500,CB,2002-01-30,2008-07-17
SP500,CB,2010-07-15,
SP500,CB-201601,1996-01-02,2016-01-14
SP500,CBB-199801,1996-01-02,1998-01-27
SP500,CBE-201211,1996-01-02,2009-09-08
SP500,CBE-201211,2011-11-23,2012-12-02
SP500,CBH-200803,2006-06-06,2008-03-30
SP500,CBOE,2017-03-01,
SP500,CBRE,2006-11-10,
SP500,CBS-200005,1996-01-02,2000-05-03
SP500,CBSS-200709,2004-12-20,2007-09-06
SP500,CCB-199602,1996-01-02,1996-02-11
SP500,CCE,1998-10-08,2016-05-30
SP500,CCEP,2016-01-04,2016-05-30
SP500,CCI,2012-03-13,
SP500,CCI-199810,1996-01-02,1998-10-07
SP500,CCK,1996-01-02,2000-12-10
SP500,CCL,1998-12-22,
SP500,CCTYQ-201009,1996-01-02,2008-03-30
SP500,CCU-200807,1997-09-02,2008-07-30
SP500,CDNS,2017-09-18,
SP500,CDW,2019-09-23,
SP500,CE,2018-12-24,2025-03-23
SP500,CE-200402,2001-04-02,2004-02-26
SP500,CEG,2022-02-02,
SP500,CEG-201203,1996-01-02,2012-03-12
SP500,CELG,2006-11-06,2019-11-20
SP500,CEN-200711,1996-01-02,2001-04-01
SP500,CEPH-201110,2008-11-17,2011-10-13
SP500,CERN,2010-04-30,2022-06-07
SP500,CF,2008-08-27,
SP500,CF-200408,2000-06-19,2004-08-31
SP500,CFC-200806,1997-06-18,2008-06-30
SP500,CFG,2016-02-01,
SP500,CFL-199804,1996-01-02,1998-04-27
SP500,CFN-201503,2009-09-01,2015-03-16
SP500,CG-200011,1996-01-02,2000-11-01
SP500,CGP-200101,1996-01-02,2001-01-29
SP500,CHA-200006,1996-01-02,2000-06-18
SP500,CHD,2015-12-29,
SP500,CHIR-200604,2000-11-24,2006-04-19
SP500,CHK,2006-03-03,2018-03-18
SP500,CHRS-201206,1996-01-02,1998-04-07
SP500,CHRW,2007-03-02,
SP500,CHTR,2016-09-08,
SP500,CI,1996-01-02,
SP500,CIEN,2001-08-30,2009-12-20
SP500,CIEN,2026-02-09,
SP500,CIN-200603,1996-01-02,2006-04-02
SP500,CINF,1997-12-18,
SP500,CIT-A-200106,2000-07-17,2001-06-03
SP500,CITGQ-200912,2004-10-27,2009-07-26
SP500,CL,1996-01-02,
SP500,CLF,2009-12-21,2014-04-01
SP500,CLX,1996-01-02,
SP500,CMA,1996-01-02,2024-06-23
SP500,CMB-199603,1996-01-02,1996-03-31
SP500,CMCSA,1996-01-02,
SP500,CMCSK-201512,2015-09-21,2015-12-13
SP500,CME,2006-08-11,
SP500,CMG,2011-04-28,
SP500,CMI,1996-01-02,
SP500,CMS,1999-05-03,
SP500,CMVT-201302,1999-10-27,2007-01-31
SP500,CMX-200703,2004-03-25,2007-03-22
SP500,CNC,2016-03-30,
SP500,CNC-200208,1997-01-15,2002-07-24
SP500,CNG-200001,1996-01-02,2000-01-30
SP500,CNP,1996-01-02,
SP500,CNW-201510,1996-01-02,1996-12-02
SP500,CNX,2006-06-28,2016-03-03
SP500,CNXT-201104,2000-01-31,2002-06-25
SP500,COC-B-200208,1999-08-09,2002-09-02
SP500,COF,1998-07-01,
SP500,COHR,2026-03-23,
SP500,COIN,2025-05-19,
SP500,COL-201811,2001-07-02,2018-11-26
SP500,COMS-201004,1996-01-02,2000-07-27
SP500,COO,2016-09-23,
SP500,COP,1996-01-02,
SP500,COR,2001-08-30,
SP500,COST,1996-01-02,
SP500,COTY,2016-10-03,2020-09-20
SP500,COV-200203,1996-01-02,1996-08-15
SP500,COV-201501,2007-07-02,2009-06-04
SP500,COV-201501,2011-03-01,2015-01-26
SP500,CPAY,2018-06-20,
SP500,CPB,1996-01-02,2026-06-21
SP500,CPGX-201606,2015-07-02,2016-06-30
SP500,CPNLQ-200802,2000-12-01,2005-12-01
SP500,CPQ-200205,1996-01-02,2002-05-05
SP500,CPRI,2016-01-04,2020-05-11
SP500,CPRT,2018-07-02,
SP500,CPT,2022-04-04,
SP500,CPWR-201412,1999-01-04,2012-01-02
SP500,CR,1996-01-02,2004-12-19
SP500,CRH,2025-12-22,
SP500,CRL,2021-05-14,
SP500,CRM,2008-09-15,
SP500,CRR-199706,1996-01-02,1997-05-26
SP500,CRWD,2024-06-24,
SP500,CSCO,1996-01-02,
SP500,CSE-199911,1996-01-22,1999-11-14
SP500,CSGP,2022-09-19,
SP500,CSR-200006,1996-01-02,2000-06-15
SP500,CSRA-201804,2015-11-30,2018-04-03
SP500,CSX,1996-01-02,
SP500,CTAS,2001-03-01,
SP500,CTB,1996-01-02,2006-07-17
SP500,CTLT,2020-09-21,2024-12-22
SP500,CTRA,2008-06-23,2026-05-06
SP500,CTSH,2006-11-17,
SP500,CTVA,2019-06-03,
SP500,CTX-200908,1996-01-02,2009-08-18
SP500,CTXS,1999-12-01,2022-10-02
SP500,CVC-201606,2010-12-20,2016-06-20
SP500,CVG,2000-06-13,2009-12-20
SP500,CVH-201305,2005-08-30,2013-05-06
SP500,CVNA,2025-12-22,
SP500,CVS,1996-01-02,
SP500,CVX,1996-01-02,
SP500,CXO,2016-02-22,2021-01-20
SP500,CYM-199912,1996-01-02,1999-10-17
SP500,CYR-199606,1996-01-02,1996-03-27
SP500,CZR,2021-03-22,2025-09-21
SP500,D,1996-01-02,
SP500,DAL,2013-09-11,
SP500,DALRQ-200704,1996-01-02,2005-08-18
SP500,DASH,2025-03-24,
SP500,DAY,2021-09-20,2026-02-08
SP500,DCNAQ-200801,1996-01-02,2006-03-02
SP500,DD,2017-09-01,
SP500,DD-201708,1996-01-02,2017-08-31
SP500,DDOG,2025-07-09,
SP500,DDR,2007-03-23,2009-03-29
SP500,DDS,1996-01-02,2008-10-21
SP500,DE,1996-01-02,
SP500,DEC-199806,1996-01-02,1998-06-11
SP500,DECK,2024-03-18,
SP500,DELL,2024-09-23,
SP500,DELL-201310,1996-09-06,2013-10-28
SP500,DF,2006-04-03,2013-05-23
SP500,DFS,2007-07-02,2025-05-18
SP500,DG,2012-12-03,
SP500,DG-200707,1998-07-16,2007-07-08
SP500,DGN-199910,1996-01-02,1999-10-12
SP500,DGX,2002-12-12,
SP500,DHI,2005-07-05,
SP500,DHR,1998-11-18,
SP500,DI-199809,1996-01-02,1998-09-29
SP500,DIGI-199809,1996-01-02,1998-08-27
SP500,DIS,1996-01-02,
SP500,DISCA,2010-03-01,2022-04-10
SP500,DISCK,2014-08-07,2022-04-10
SP500,DISH,2017-03-13,2023-06-19
SP500,DJ-200712,1996-01-02,2007-12-13
SP500,DLR,2016-05-18,
SP500,DLTR,2011-12-19,
SP500,DLX,1996-01-02,2004-12-19
SP500,DNB,2008-12-02,2017-04-04
SP500,DNR,2009-04-02,2015-03-22
SP500,DO,2009-02-26,2016-10-02
SP500,DOC,2008-03-31,
SP500,DOV,1996-01-02,
SP500,DOW,2019-04-02,
SP500,DOW-201708,1996-01-02,2017-08-31
SP500,DPHIQ-200910,1999-05-28,2005-10-10
SP500,DPZ,2020-05-12,
SP500,DRE,2017-07-26,2022-10-02
SP500,DRI,1996-01-02,
SP500,DTE,1996-01-02,
SP500,DTV-201507,2006-12-04,2015-07-26
SP500,DUK,1996-01-02,
SP500,DVA,2008-07-31,
SP500,DVN,2000-08-30,
SP500,DWD-199705,1996-01-02,1997-06-01
SP500,DXC,1996-01-02,2015-11-30
SP500,DXC,2017-04-04,2023-10-02
SP500,DXCM,2020-05-12,
SP500,DYN-201804,2000-10-03,2009-12-20
SP500,EA,2002-07-22,2026-08-04
SP500,EBAY,2002-07-22,
SP500,EC-200606,1996-01-02,2006-06-05
SP500,ECH-199807,1996-01-02,1998-07-09
SP500,ECHO,2026-03-23,
SP500,ECL,1996-01-02,
SP500,ECO-200301,1996-01-02,1998-01-19
SP500,ED,1996-01-02,
SP500,EDS-200808,1998-08-11,2008-08-25
SP500,EFU-200011,1996-01-02,2000-11-01
SP500,EFX,1997-06-19,
SP500,EG,2017-06-19,
SP500,EHC,1997-01-08,2003-03-20
SP500,EIX,1996-01-02,
SP500,EKDKQ-201309,1996-01-02,2010-12-19
SP500,EL,2006-01-05,
SP500,ELV,2002-07-25,
SP500,EMC-201609,1996-03-28,2016-09-06
SP500,EME,2025-09-22,
SP500,EMN,1996-01-02,2025-11-03
SP500,EMR,1996-01-02,
SP500,ENDP,2015-01-27,2017-03-01
SP500,ENPH,2021-01-07,2025-09-21
SP500,ENRNQ-200411,1996-01-02,2001-11-29
SP500,ENS-199708,1996-01-02,1997-08-05
SP500,EOG,2000-11-02,
SP500,EOP-200702,2001-10-10,2007-02-11
SP500,EP-201205,1999-10-26,2012-05-24
SP500,EPAM,2021-12-14,2026-06-01
SP500,EQ-200906,2006-05-18,2009-06-30
SP500,EQIX,2015-03-23,
SP500,EQR,2001-12-03,2026-10-01
SP500,EQT,2008-12-19,2018-11-12
SP500,EQT,2022-10-03,
SP500,ERIE,2024-09-23,
SP500,ES,2009-03-17,
SP500,ESRX-201812,2003-09-26,2018-12-20
SP500,ESS,2014-04-02,
SP500,ESV,2007-01-04,2009-12-22
SP500,ESV,2012-07-31,2016-03-29
SP500,ETFC,2004-04-01,2020-10-06
SP500,ETN,1996-01-02,
SP500,ETR,1996-01-02,
SP500,ETS-200603,1996-01-02,2001-08-05
SP500,ETSY,2020-09-21,2024-09-22
SP500,EVHC-201810,2016-12-02,2018-10-10
SP500,EVRG,2018-06-05,
SP500,EW,2011-04-01,
SP500,EXC,1996-01-02,
SP500,EXE,2025-03-24,
SP500,EXPD,2007-10-10,
SP500,EXPE,2007-10-02,
SP500,EXR,2016-01-19,
SP500,F,1996-01-02,
SP500,FANG,2018-12-03,
SP500,FAST,2008-09-15,
SP500,FBF-200403,1996-01-02,2004-03-31
SP500,FBIN,2016-06-24,2022-12-18
SP500,FBO-199603,1996-01-02,1996-03-12
SP500,FCN-199810,1996-01-02,1998-10-01
SP500,FCPT,2015-11-10,2015-11-16
SP500,FCX,1996-01-02,
SP500,FDC-200709,1996-01-02,2007-09-24
SP500,FDO-201507,2001-08-06,2015-07-06
SP500,FDS,2021-12-20,
SP500,FDX,1996-01-02,
SP500,FDXF,2026-06-01,
SP500,FE,1996-01-02,
SP500,FERG,2026-08-05,
SP500,FFIV,2010-12-20,
SP500,FG-199804,1996-01-02,1998-04-26
SP500,FHN,2002-05-06,2013-06-23
SP500,FICO,2023-03-20,
SP500,FII,2003-04-16,2013-01-01
SP500,FIS,2006-11-10,
SP500,FISV,2001-04-02,
SP500,FITB,1996-03-08,
SP500,FIX,2025-12-22,
SP500,FJ-200011,1996-01-02,2000-11-23
SP500,FL,1996-01-02,1999-01-03
SP500,FL,2016-04-04,2019-08-08
SP500,FLEX,2026-06-22,
SP500,FLIR,2009-01-02,2021-05-13
SP500,FLMIQ-200408,1996-01-02,1997-12-23
SP500,FLR,2000-12-22,2019-06-02
SP500,FLS,2008-10-02,2021-03-21
SP500,FLTWQ-200907,1996-01-02,2000-01-30
SP500,FMC,1996-01-02,2002-01-01
SP500,FMC,2009-08-19,2025-03-23
SP500,FMCC,1996-01-02,2008-09-10
SP500,FMY-199905,1998-07-10,1999-05-27
SP500,FNMA,1996-01-02,2008-09-10
SP500,FOSL,2012-04-04,2016-01-04
SP500,FOX,2015-09-21,
SP500,FOXA,2004-12-20,
SP500,FPC-200011,1999-06-22,2000-11-30
SP500,FRC,2019-01-02,2023-05-03
SP500,FRO-199909,1997-01-02,1999-09-28
SP500,FRT,2016-02-01,
SP500,FRX-201406,2000-11-22,2014-06-30
SP500,FSH-200611,2004-08-03,2006-11-09
SP500,FSL-200612,2004-12-03,2006-12-03
SP500,FSLR,2009-10-16,2017-03-19
SP500,FSLR,2022-12-19,
SP500,FTI,2017-01-17,2021-02-11
SP500,FTI-201701,2009-06-05,2017-01-16
SP500,FTL-A-200004,1996-01-02,1999-09-30
SP500,FTNT,2018-10-11,
SP500,FTR,2001-02-27,2017-03-19
SP500,FTV,2016-07-05,
SP500,FWLT-201412,1996-01-02,2000-01-30
SP500,G-200509,1996-01-02,2005-10-02
SP500,GAPTQ-201203,1996-01-02,2000-08-29
SP500,GAS-201112,1996-01-02,2011-12-11
SP500,GAS-201606,2011-12-13,2016-06-30
SP500,GD,1996-01-02,
SP500,GDDY,2024-06-24,
SP500,GDT-200604,1996-12-19,2006-04-23
SP500,GDW-200609,1996-01-02,2006-10-01
SP500,GE,1996-01-02,
SP500,GEHC,2023-01-04,
SP500,GEN,2003-03-31,
SP500,GENZ-201104,2001-12-14,2011-04-03
SP500,GEV,2024-04-02,
SP500,GFS-A-199810,1996-01-02,1998-07-15
SP500,GGP-201808,2007-07-02,2008-11-12
SP500,GGP-201808,2013-12-10,2018-08-27
SP500,GHC,2007-12-31,2014-09-21
SP500,GIDL-199709,1996-01-02,1997-07-16
SP500,GILD,2004-07-01,
SP500,GIS,1996-01-02,
SP500,GL,1996-01-02,
SP500,GLD-199705,1996-01-02,1997-05-05
SP500,GLK-200507,1996-01-02,2005-07-04
SP500,GLW,1996-01-02,
SP500,GM,2013-06-07,
SP500,GMCR-201603,2014-03-24,2016-03-02
SP500,GME,2007-12-14,2016-04-24
SP500,GNRC,2021-03-22,
SP500,GNT-199806,1996-03-13,1998-06-30
SP500,GNW,2005-12-02,2015-11-17
SP500,GOOG,2014-04-03,
SP500,GOOGL,2006-04-03,
SP500,GP-200512,1996-01-02,2005-12-19
SP500,GPC,1996-01-02,
SP500,GPN,2016-04-25,
SP500,GPS,1996-01-02,2022-02-02
SP500,GPU-200111,1996-01-02,2001-11-06
SP500,GR-201207,1996-01-02,2012-07-26
SP500,GRA,1998-03-24,2000-12-10
SP500,GRA-199609,1996-01-02,1996-09-29
SP500,GRA-199803,1996-09-17,1998-03-31
SP500,GRMN,2012-12-12,
SP500,GRN-199812,1996-01-02,1998-12-21
SP500,GS,2002-07-22,
SP500,GSX-199810,1996-01-02,1998-10-06
SP500,GT,1996-01-02,2019-02-26
SP500,GTE-200006,1996-01-02,2000-07-02
SP500,GTW-200710,1998-04-27,2006-07-31
SP500,GWF-199707,1996-01-02,1997-07-01
SP500,GWW,1996-01-02,
SP500,GX-200201,1999-09-29,2001-10-09
SP500,H-200107,1996-01-02,2001-06-28
SP500,H-200704,2006-08-01,2007-04-09
SP500,HAL,1996-01-02,
SP500,HAR-201703,2006-02-01,2017-03-12
SP500,HAS,1996-01-02,
SP500,HBAN,1997-08-06,
SP500,HBI,2015-03-23,2021-12-19
SP500,HBOC-199901,1997-10-23,1999-01-12
SP500,HCA,2015-01-27,
SP500,HCA-200611,1996-01-02,2006-11-19
SP500,HCBK-201510,2007-02-15,2015-11-01
SP500,HCR-200712,1998-09-28,2007-11-08
SP500,HD,1996-01-02,
SP500,HDLM-201301,1996-01-02,1996-03-07
SP500,HES,1996-01-02,2025-07-22
SP500,HET-200801,1996-01-02,2008-01-28
SP500,HFC,2018-06-18,2021-06-03
SP500,HFS-199712,1996-08-16,1997-12-17
SP500,HI-200303,1996-01-02,2003-03-30
SP500,HIG,1996-01-02,
SP500,HII,2018-01-03,
SP500,HLT,2017-06-19,
SP500,HLT-200710,1996-01-02,2007-10-24
SP500,HM-200112,1996-01-02,2001-12-16
SP500,HMA-201401,2001-11-07,2007-03-01
SP500,HNZ-201306,1996-01-02,2013-06-06
SP500,HOG,2000-01-31,2020-06-21
SP500,HOLX,2016-03-30,2026-04-08
SP500,HON,1996-01-02,
SP500,HON-199912,1996-01-02,1999-12-01
SP500,HONA,2026-06-29,
SP500,HOOD,2025-09-22,
SP500,HOT-201609,2000-11-17,2016-09-22
SP500,HP,1996-01-02,1999-12-30
SP500,HP,2010-03-01,2020-05-21
SP500,HPC-200811,1996-01-02,2008-11-13
SP500,HPE,2015-11-02,
SP500,HPH-199912,1996-01-02,1999-06-08
SP500,HPQ,1996-01-02,
SP500,HRB,1996-01-02,2020-09-20
SP500,HRL,2009-03-04,
SP500,HSH-201408,1996-01-02,2012-06-28
SP500,HSIC,2015-03-18,
SP500,HSP-201509,2004-05-03,2015-09-02
SP500,HST,2007-03-20,
SP500,HSY,1996-01-02,
SP500,HUBB,2023-10-18,
SP500,HUM,1996-01-02,
SP500,HWM,2020-04-01,
SP500,I-199603,1996-01-02,1996-03-31
SP500,IAC,2006-12-01,2008-08-20
SP500,IBKR,2025-08-28,
SP500,IBM,1996-01-02,
SP500,ICE,2007-09-26,
SP500,IDXX,2017-01-05,
SP500,IEX,2019-08-09,
SP500,IFF,1996-01-02,
SP500,IGT-201504,2001-09-04,2014-06-19
SP500,IKN-200810,1996-01-02,2000-06-28
SP500,ILMN,2015-11-19,2024-06-23
SP500,IMNX-200207,2001-09-21,2002-07-15
SP500,INCLF-200701,1996-01-02,2002-07-21
SP500,INCY,2017-02-28,
SP500,INFO,2017-06-02,2022-03-01
SP500,INGR-200611,1996-01-02,1997-07-27
SP500,INTC,1996-01-02,
SP500,INTU,2000-12-11,
SP500,INVH,2022-09-19,
SP500,IP,1996-01-02,
SP500,IPG,1996-01-02,2025-11-27
SP500,IPGP,2018-03-07,2022-06-20
SP500,IQV,2017-08-29,
SP500,IR,1996-01-02,2009-06-30
SP500,IR,2010-11-17,
SP500,IRM,2009-01-06,
SP500,ISRG,2008-06-02,
SP500,IT,2017-04-05,
SP500,ITT,1996-01-02,2011-10-31
SP500,ITT-199802,1996-01-02,1998-02-22
SP500,ITW,1996-01-02,
SP500,IVZ,2008-08-21,
SP500,J,2007-10-26,
SP500,JAVA-201001,1996-01-02,2010-01-26
SP500,JBHT,2015-07-01,
SP500,JBL,2001-01-30,2014-11-04
SP500,JBL,2023-12-18,
SP500,JCI,1996-01-02,2009-03-16
SP500,JCI,2010-08-27,
SP500,JCI-201609,1996-01-02,2016-09-05
SP500,JCP,1996-01-02,2013-12-01
SP500,JEF,2007-08-27,2019-09-25
SP500,JH-200705,1996-01-02,1998-03-31
SP500,JHF-200404,2001-06-29,2004-04-28
SP500,JKHY,2018-11-13,
SP500,JNJ,1996-01-02,
SP500,JNPR,2006-06-02,2025-07-08
SP500,JNS-201705,2000-07-13,2011-11-22
SP500,JNY-201404,2001-12-17,2009-03-03
SP500,JOS-200005,1996-01-02,2000-05-09
SP500,JOY-201704,2011-02-28,2015-10-07
SP500,JP-200603,1996-01-02,2006-04-02
SP500,JPM,1996-01-02,
SP500,JPM-200012,1996-01-02,2001-01-01
SP500,JWN,1996-01-02,2020-06-21
SP500,K,1996-01-02,2025-12-10
SP500,KATE-201707,1996-01-02,2008-12-01
SP500,KBH,1996-01-02,2009-12-20
SP500,KDP,2008-10-07,2018-07-01
SP500,KDP,2022-06-21,
SP500,KEY,1996-01-02,
SP500,KEYS,2018-11-06,
SP500,KG-201102,2000-10-03,2010-12-19
SP500,KHC,2015-07-06,
SP500,KIM,2006-04-03,
SP500,KKR,2024-06-24,
SP500,KLAC,1997-09-15,
SP500,KM-200212,1996-01-02,2002-01-16
SP500,KMB,1996-01-02,
SP500,KMG-200608,1996-01-02,2006-08-10
SP500,KMI,2012-05-25,
SP500,KMI-200705,2000-12-12,2007-05-30
SP500,KMX,2010-06-28,2025-10-30
SP500,KO,1996-01-02,
SP500,KORS,2013-11-13,2018-09-18
SP500,KR,1996-01-02,
SP500,KRB-200512,1996-01-02,2006-01-02
SP500,KRFT-201507,2012-10-02,2015-07-05
SP500,KRI-200606,1996-01-02,2006-06-27
SP500,KSE-200708,2000-08-21,2007-08-26
SP500,KSS,1998-08-14,2020-09-20
SP500,KSU,1999-04-05,2000-07-12
SP500,KSU,2013-05-24,2021-12-13
SP500,KVUE,2023-08-25,
SP500,KWP-199911,1996-01-02,1999-11-15
SP500,L,1996-01-02,
SP500,LDG-200810,1996-01-02,2001-07-01
SP500,LDOS,2009-12-21,2013-09-22
SP500,LDOS,2019-08-09,
SP500,LDW-B-200012,1996-01-02,1999-12-07
SP500,LEG,1999-10-18,2021-12-19
SP500,LEHMQ-201203,1998-01-12,2008-09-16
SP500,LEN,2005-10-04,
SP500,LH,2004-11-01,
SP500,LHX,1996-01-02,1999-11-07
SP500,LHX,2008-09-22,
SP500,LIFE-201402,2008-11-24,2014-01-23
SP500,LII,2024-12-23,
SP500,LIN,1996-01-02,2018-09-17
SP500,LIN,2026-10-02,
SP500,LITE,2026-03-23,
SP500,LKQ,2016-05-23,2025-12-21
SP500,LLL,2004-12-01,2019-06-30
SP500,LLTC-201703,2000-04-03,2017-03-12
SP500,LLX-199710,1996-01-02,1997-10-22
SP500,LLY,1996-01-02,
SP500,LM,2006-04-24,2016-12-01
SP500,LMT,1996-01-02,
SP500,LNC,1996-01-02,2023-09-17
SP500,LNT,2016-07-01,
SP500,LO-201506,2008-06-11,2015-06-11
SP500,LOR-199604,1996-01-02,1996-04-22
SP500,LOW,1996-01-02,
SP500,LPX,1996-01-02,2006-11-09
SP500,LRCX,2012-06-05,
SP500,LSI-201405,1996-01-02,2014-05-06
SP500,LU-200611,1996-10-01,2006-11-30
SP500,LUB,1996-01-02,1997-01-01
SP500,LULU,2023-10-18,
SP500,LUMN,1999-03-25,2023-03-19
SP500,LUV,1996-01-02,
SP500,LVLT-201710,2014-11-05,2017-10-12
SP500,LVS,2019-10-03,
SP500,LW,2018-12-03,2026-03-22
SP500,LXK-201611,1999-08-13,2012-09-30
SP500,LYB,2012-09-05,
SP500,LYV,2019-12-23,
SP500,M,1996-01-02,2020-04-05
SP500,MA,2008-07-18,
SP500,MAA,2016-12-02,
SP500,MAC,2013-05-09,2019-12-22
SP500,MAR,1998-05-21,
SP500,MAS,1996-01-02,
SP500,MAT,1996-01-02,2019-06-06
SP500,MAY-200508,1996-01-02,2005-08-28
SP500,MBC,2022-12-15,2022-12-18
SP500,MBI,1996-12-03,2009-12-20
SP500,MCD,1996-01-02,
SP500,MCHP,2007-09-07,
SP500,MCIC-199809,1996-01-02,1998-09-14
SP500,MCK,1999-01-13,
SP500,MCO,1996-01-02,
SP500,MD-199707,1996-01-02,1997-07-31
SP500,MDLZ,2007-04-02,
SP500,MDP,1996-01-02,2011-01-03
SP500,MDR,1996-01-02,2003-08-19
SP500,MDT,1996-01-02,
SP500,MEA-200201,1996-01-02,2002-01-29
SP500,MEDI-200706,2000-06-16,2007-05-31
SP500,MEE-201106,1996-01-02,2000-12-21
SP500,MEE-201106,2008-06-23,2011-06-01
SP500,MEL-200706,1996-01-02,2007-07-01
SP500,MER-200812,1996-01-02,2009-01-01
SP500,MERQ-200611,2000-06-29,2006-01-03
SP500,MET,2000-12-11,
SP500,META,2013-12-23,
SP500,MFE-201102,2008-12-23,2011-02-28
SP500,MGM,2017-07-26,
SP500,MHK,2013-12-23,2025-12-21
SP500,MHS-201203,2003-08-20,2012-04-01
SP500,MI-201107,2002-02-11,2011-07-05
SP500,MII-199906,1996-01-02,1999-06-21
SP500,MIL-201007,1996-01-02,2010-07-14
SP500,MIR-200005,1997-08-07,2000-05-31
SP500,MIR-201012,2001-04-03,2003-07-16
SP500,MJN-201706,2009-12-21,2017-06-14
SP500,MKC,2003-03-21,
SP500,MKG-200010,1996-01-02,2000-10-17
SP500,MKTX,2019-07-01,2025-09-21
SP500,MLM,2014-07-02,
SP500,MMI-201205,2011-01-04,2012-05-21
SP500,MMM,1996-01-02,
SP500,MNK,2014-08-19,2017-07-25
SP500,MNR-199809,1996-01-02,1998-09-27
SP500,MNST,2012-06-29,
SP500,MO,1996-01-02,
SP500,MOB-199911,1996-01-02,1999-11-30
SP500,MOH,2022-03-02,2026-03-22
SP500,MOLX-201312,1999-12-01,2013-12-08
SP500,MON-201806,2002-08-14,2018-06-06
SP500,MOS,2011-09-26,
SP500,MPC,2011-07-01,
SP500,MPWR,2021-02-12,
SP500,MRK,1996-01-02,
SP500,MRNA,2021-07-21,
SP500,MRO,1996-01-02,2024-11-25
SP500,MRSH,1996-01-02,
SP500,MRVL,2026-06-22,
SP500,MS,1996-01-02,
SP500,MSCI,2018-04-04,
SP500,MSFT,1996-01-02,
SP500,MSI,1996-01-02,
SP500,MST-199808,1996-01-02,1998-08-13
SP500,MTB,2004-02-27,
SP500,MTCH,2021-09-20,2026-03-22
SP500,MTD,2016-09-06,
SP500,MTG,1996-07-19,2008-10-30
SP500,MTL-199909,1998-02-23,1999-09-19
SP500,MTLQQ-201103,1996-01-02,2009-06-02
SP500,MTW,2007-11-16,2009-08-31
SP500,MU,1996-01-02,
SP500,MUR,2005-08-15,2017-07-25
SP500,MWI-200402,1996-01-02,1999-05-27
SP500,MWV-201507,1996-01-02,2015-07-01
SP500,MWW-201610,2001-06-04,2011-12-18
SP500,MXIM,2000-05-10,2007-09-26
SP500,MXIM,2018-12-03,2021-08-29
SP500,MYG-200603,1996-01-02,2006-04-02
SP500,MZIAQ-201010,1996-01-02,2000-06-28
SP500,NAE-199708,1996-01-02,1997-08-06
SP500,NAV,1996-01-02,2006-12-19
SP500,NAVI,2014-05-01,2018-06-04
SP500,NBL,2007-10-08,2020-10-11
SP500,NBR,2000-10-18,2015-03-22
SP500,NC,1996-01-02,2000-06-04
SP500,NCC-200812,1996-01-02,2009-01-01
SP500,NCE-200008,1998-11-03,2000-08-20
SP500,NCLH,2017-10-13,
SP500,NCR,2000-01-04,2007-09-30
SP500,NDAQ,2008-10-22,
SP500,NDSN,2022-02-15,
SP500,NE,2001-01-16,2009-03-26
SP500,NE,2011-01-18,2015-07-19
SP500,NEE,1996-01-02,
SP500,NEM,1996-01-02,
SP500,NFB-200611,2002-07-17,2006-11-30
SP500,NFLX,2010-12-20,
SP500,NFX,2010-12-20,2019-02-14
SP500,NGH-200012,1998-09-16,2000-12-11
SP500,NI,2000-11-02,
SP500,NKE,1996-01-02,
SP500,NKTR,2018-03-19,2019-10-02
SP500,NLC-199912,1996-01-02,1999-08-01
SP500,NLSN,2013-07-09,2022-10-11
SP500,NLV-200001,1996-04-01,2000-01-05
SP500,NMK-200201,1996-01-02,2002-01-31
SP500,NOC,1996-01-02,
SP500,NOV,2005-03-14,2021-09-19
SP500,NOVL-201104,1996-01-02,2011-04-27
SP500,NOW,2019-11-21,
SP500,NRG,2010-01-29,
SP500,NRTLQ-201510,1996-01-02,2002-07-21
SP500,NSC,1996-01-02,
SP500,NSI-200306,1996-01-02,2001-12-02
SP500,NSM-201109,1996-01-02,2011-09-25
SP500,NTAP,1999-06-25,
SP500,NTRS,1998-01-30,
SP500,NUE,1996-01-02,
SP500,NVDA,2001-11-30,
SP500,NVLS-201206,2000-06-19,2012-06-04
SP500,NVR,2019-09-26,
SP500,NWL,1996-01-02,2023-09-17
SP500,NWS,2015-09-21,
SP500,NWSA,2013-07-01,
SP500,NXPI,2021-03-22,
SP500,NXTL-200508,1998-04-01,2005-08-14
SP500,NYN-199708,1996-01-02,1997-08-14
SP500,NYT,1996-01-02,2010-12-19
SP500,NYX-201311,2007-10-25,2013-11-12
SP500,O,2015-04-07,
SP500,OAT-200108,1996-01-02,2001-08-02
SP500,ODFL,2019-12-09,
SP500,ODP,1999-06-24,2010-12-19
SP500,OGN,2021-06-03,2023-10-17
SP500,OI,1997-08-04,2000-12-10
SP500,OI,2009-01-02,2016-12-01
SP500,OK-200104,1999-12-02,2001-04-01
SP500,OKE,1996-01-02,2001-08-29
SP500,OKE,2010-03-15,
SP500,OM-199709,1996-01-02,1996-09-30
SP500,OMC,1997-12-24,
SP500,OMX-201311,1996-01-02,2008-06-22
SP500,ON,2022-06-21,
SP500,ONE-200406,1996-01-02,2004-06-30
SP500,ORCL,1996-01-02,
SP500,ORLY,2009-03-27,
SP500,ORX-199902,1996-01-02,1999-02-28
SP500,OTIS,2020-04-03,
SP500,OWENQ-200610,1996-01-02,2000-10-01
SP500,OXY,1996-01-02,
SP500,PAC-199703,1996-01-02,1997-03-31
SP500,PALM-201006,2000-07-28,2002-08-13
SP500,PANW,2023-06-20,
SP500,PAS-201002,1996-01-02,1998-01-29
SP500,PAYC,2020-01-28,2026-03-22
SP500,PAYX,1998-10-01,
SP500,PBCT,2008-11-13,2022-04-03
SP500,PBG-201002,2001-05-14,2010-02-28
SP500,PBI,1996-01-02,2017-02-28
SP500,PBY-201602,1996-01-02,2000-04-02
SP500,PCAR,1996-01-02,
SP500,PCG,1996-01-02,2019-01-17
SP500,PCG,2022-10-03,
SP500,PCH,1996-01-02,2001-07-08
SP500,PCL-201602,2002-01-17,2016-02-21
SP500,PCP-201601,2007-06-01,2016-01-31
SP500,PCS-200404,1998-11-24,2004-04-22
SP500,PD-200703,1996-01-02,2007-03-19
SP500,PDCO,2005-10-11,2018-03-18
SP500,PDG-200603,1996-01-02,2002-07-21
SP500,PEG,1996-01-02,
SP500,PEL-199706,1996-01-02,1997-06-18
SP500,PENN,2021-03-22,2022-09-18
SP500,PEP,1996-01-02,
SP500,PET-199806,1996-01-02,1998-06-28
SP500,PETM-201503,2012-10-05,2015-03-11
SP500,PFE,1996-01-02,
SP500,PFG,2002-07-22,
SP500,PG,1996-01-02,
SP500,PGL-200702,1996-01-02,2007-02-21
SP500,PGN-201207,1996-01-02,2012-07-01
SP500,PGR,1997-08-04,
SP500,PH,1996-01-02,
SP500,PHA-200304,1996-01-02,2003-04-15
SP500,PHB-199910,1996-01-02,1999-10-03
SP500,PHM,1996-01-02,
SP500,PKG,2017-07-26,
SP500,PLD,2011-06-03,
SP500,PLD-201106,2003-07-17,2011-06-02
SP500,PLL-201508,1996-01-02,2015-08-30
SP500,PLTR,2024-09-23,
SP500,PM,2008-03-31,
SP500,PMCS-201601,2001-08-03,2007-07-01
SP500,PMI-199911,1996-01-02,1996-05-30
SP500,PNC,1996-01-02,
SP500,PNR,2012-10-01,
SP500,PNU-200003,1996-01-02,2000-04-02
SP500,PNW,1999-10-04,
SP500,PODD,2023-03-15,
SP500,POM-201603,2007-11-09,2016-03-23
SP500,POOL,2020-10-07,2026-06-21
SP500,PPG,1996-01-02,
SP500,PPL,1996-01-02,
SP500,PPW-199911,1996-01-02,1999-11-29
SP500,PRD-200110,1996-01-02,2000-12-11
SP500,PRGO,2011-12-19,2021-09-19
SP500,PRU,2002-07-22,
SP500,PSA,2005-08-19,
SP500,PSFT-200501,1998-10-02,2004-12-28
SP500,PSKY,1996-01-02,
SP500,PSX,2012-05-01,
SP500,PTC,1997-04-03,2007-01-02
SP500,PTC,2021-04-20,
SP500,PTV-201011,1999-11-05,2010-11-16
SP500,PVH,2013-02-14,2022-09-18
SP500,PVN-199706,1996-01-02,1997-06-10
SP500,PVN-200509,1997-06-11,2005-10-02
SP500,PVT-199906,1998-08-31,1999-06-30
SP500,PWER-201307,2000-10-23,2005-03-13
SP500,PWJ-200011,1999-06-04,2000-11-05
SP500,PWR,2009-07-01,
SP500,PX-201810,2016-01-04,2018-10-30
SP500,PXD,2008-09-24,2024-05-07
SP500,PYPL,2015-07-20,
SP500,PZE-199908,1996-01-02,1998-12-30
SP500,Q,2025-11-03,
SP500,Q-201103,2000-07-06,2011-03-31
SP500,QCOM,1999-07-22,
SP500,QEP,2010-07-01,2015-06-30
SP500,QLGC-201608,2000-12-12,2011-01-17
SP500,QRVO,2015-06-12,2024-12-22
SP500,QTRN-200309,1999-11-16,2003-09-25
SP500,R,1996-01-02,2017-06-18
SP500,RAD,1996-01-02,2000-07-26
SP500,RAI-201707,2002-09-04,2017-07-24
SP500,RAL-200112,1996-01-02,2001-12-12
SP500,RATL-200302,2002-02-01,2003-02-20
SP500,RBD-199903,1996-01-02,1999-03-24
SP500,RBK-200601,1996-01-02,2006-01-31
SP500,RCL,2014-12-05,
SP500,RDC,1996-01-02,2014-08-18
SP500,RDDT,2026-08-18,
SP500,RDS-A,1996-01-02,2002-07-21
SP500,REG,2017-03-02,
SP500,REGN,2013-05-01,
SP500,RF,1998-08-28,
SP500,RHI,2000-12-05,2024-06-23
SP500,RHT,2009-07-27,2019-07-14
SP500,RIG,1999-12-31,2008-12-18
SP500,RIG,2013-10-29,2017-07-25
SP500,RJF,2017-03-20,
SP500,RL,2007-02-02,
SP500,RLM-200005,1996-01-02,2000-05-03
SP500,RMD,2017-07-26,
SP500,RML-200608,1996-01-02,2000-12-11
SP500,RNB-199912,1996-01-02,2000-01-02
SP500,ROH-200904,1996-01-02,2009-04-01
SP500,ROK,1996-01-02,
SP500,ROL,2018-10-01,
SP500,ROP,2009-12-23,
SP500,ROST,2009-12-21,
SP500,RRC,2007-12-21,2018-06-17
SP500,RRD,1996-01-02,2012-12-11
SP500,RSG,2008-12-05,
SP500,RSHCQ-201510,1996-01-02,2011-06-30
SP500,RTN,1996-01-02,2020-04-05
SP500,RTX,1996-01-02,
SP500,RVTY,1996-01-02,
SP500,RX-201002,1996-11-04,2010-02-25
SP500,RYAN-200610,1996-01-02,1997-01-01
SP500,RYC-199908,1996-01-02,1999-08-12
SP500,RYI-200710,1996-01-02,1998-06-30
SP500,S,1996-01-02,2013-07-08
SP500,S-200503,1996-01-02,2005-03-27
SP500,SAF-200809,1996-01-02,2008-09-22
SP500,SAI-199812,1997-07-17,1999-01-03
SP500,SANM,2000-06-21,2007-07-01
SP500,SAPE-201502,2000-05-05,2002-05-12
SP500,SB-199711,1996-01-02,1997-11-27
SP500,SBAC,2017-09-01,
SP500,SBL-200701,2000-12-11,2007-01-09
SP500,SBNY,2021-12-20,2023-03-14
SP500,SBUX,2000-06-08,
SP500,SCG-201812,2009-01-02,2019-01-01
SP500,SCHW,1997-06-02,
SP500,SCI,1996-01-02,2000-03-15
SP500,SDS-200508,2002-07-22,2005-08-11
SP500,SE-201702,2007-01-03,2017-02-26
SP500,SEBL-200601,2000-05-05,2006-01-31
SP500,SEDG,2021-12-20,2023-12-17
SP500,SEE,1998-04-01,2023-12-17
SP500,SEG-200011,1996-08-16,2000-11-21
SP500,SFA-200602,1996-01-02,2006-02-26
SP500,SFS-200008,1996-01-02,1997-07-27
SP500,SGID-200610,1996-01-02,2000-06-20
SP500,SGP-200911,1996-01-02,2009-11-03
SP500,SHLD,2005-03-28,2012-09-04
SP500,SHN-200007,1996-01-02,1997-01-01
SP500,SHW,1996-01-02,
SP500,SIAL-201511,1996-01-02,2015-11-17
SP500,SIG,2015-07-29,2018-03-18
SP500,SII-201008,2006-10-02,2010-08-26
SP500,SIVB,2018-03-19,2023-03-14
SP500,SJM,2008-11-06,
SP500,SK-199805,1996-01-02,1998-03-31
SP500,SLB,1996-01-02,
SP500,SLG,2015-03-23,2021-03-21
SP500,SLM,1998-07-01,2014-04-30
SP500,SLR-200710,1998-12-31,2007-10-01
SP500,SMCI,2024-03-18,
SP500,SMI-200109,1996-01-02,2000-12-11
SP500,SMS-200007,1996-01-02,2000-06-07
SP500,SNA,1996-01-02,
SP500,SNDK,2025-11-28,
SP500,SNDK-201605,2006-04-20,2016-05-11
SP500,SNI-201803,2008-07-01,2018-03-06
SP500,SNPS,2017-03-16,
SP500,SNT-199910,1996-01-02,1999-10-25
SP500,SNV,1997-12-01,2008-01-01
SP500,SO,1996-01-02,
SP500,SOLS,2025-10-30,2025-12-21
SP500,SOLV,2024-04-01,
SP500,SOTR-200410,1999-03-01,2004-10-31
SP500,SOV-200901,2004-07-01,2009-01-29
SP500,SPG,2002-06-26,
SP500,SPGI,1996-01-02,
SP500,SPLS-201709,1998-10-07,2017-09-12
SP500,SRCL,2008-11-19,2018-12-02
SP500,SRE,1998-06-29,
SP500,SRR-200708,1996-01-02,1997-10-06
SP500,SSP,2005-12-20,2008-06-30
SP500,STE,2019-12-23,
SP500,STI,1996-01-02,2019-12-08
SP500,STJ-201701,1996-01-02,2017-01-04
SP500,STLD,2022-12-22,
SP500,STO-199811,1996-01-02,1998-11-17
SP500,STR-201609,2006-12-01,2010-06-30
SP500,STT,1997-08-18,
SP500,STX,2012-07-02,
SP500,STZ,2005-07-05,
SP500,SUB-200102,1998-01-28,2001-02-28
SP500,SUN-201210,1996-01-02,2012-10-04
SP500,SUNEQ-201712,2007-05-31,2011-12-18
SP500,SVU,1996-01-02,2012-04-30
SP500,SW,2015-07-02,
SP500,SWK,1996-01-02,
SP500,SWKS,2015-03-12,
SP500,SWN,2008-06-06,2017-04-03
SP500,SWY-201501,1998-11-13,2015-01-26
SP500,SXCL-201702,1999-10-01,2001-05-13
SP500,SYF,2015-11-18,
SP500,SYK,2000-12-12,
SP500,SYY,1996-01-02,
SP500,T,1996-01-02,
SP500,T-200511,1996-01-02,2005-11-20
SP500,TA-199907,1996-01-02,1999-07-21
SP500,TAP,1996-01-02,
SP500,TCOMA-199903,1996-01-02,1999-03-09
SP500,TDC,2007-10-01,2017-06-18
SP500,TDG,2016-06-03,
SP500,TDM-199708,1996-01-02,1997-09-01
SP500,TDY,2020-06-22,
SP500,TE-201606,2001-10-10,2016-06-30
SP500,TECH,2021-08-30,
SP500,TEG-201506,2007-02-22,2015-06-29
SP500,TEK-200711,1996-01-02,2007-11-15
SP500,TEL,2007-07-02,2009-06-25
SP500,TEL,2011-10-17,
SP500,TEN,1996-01-02,1999-11-04
SP500,TER,1999-11-15,2013-12-22
SP500,TER,2020-09-21,
SP500,TEX,2006-12-20,2008-11-05
SP500,TFC,1997-12-04,
SP500,TFX,2019-01-18,2025-03-23
SP500,TGNA,1996-01-02,2017-06-01
SP500,TGT,1996-01-02,
SP500,THC,1996-01-02,2016-04-17
SP500,THY-199708,1996-01-02,1996-10-15
SP500,TIE-201301,2007-10-29,2012-12-23
SP500,TIF,2000-06-21,2021-01-06
SP500,TIN-201202,1996-01-02,2007-12-30
SP500,TJX,1996-01-02,
SP500,TKO,2025-03-24,
SP500,TKR,1996-01-02,2001-08-06
SP500,TLAB-201312,1996-01-02,2011-12-20
SP500,TMC-200006,1996-01-02,2000-06-12
SP500,TMC-A-200006,1996-01-02,2000-06-12
SP500,TMO,1997-01-02,
SP500,TMUS,2009-06-30,2013-04-30
SP500,TMUS,2019-07-15,
SP500,TNB-201205,1996-01-02,2004-08-02
SP500,TOS-200109,1999-09-20,2001-09-16
SP500,TOY-200507,1996-01-02,2005-07-21
SP500,TPL,2024-11-26,
SP500,TPR,2004-09-01,
SP500,TRB-200712,1996-01-02,2007-12-20
SP500,TRGP,2022-10-12,
SP500,TRIP,2011-12-21,2019-12-22
SP500,TRMB,2021-01-21,
SP500,TROW,1999-10-13,
SP500,TRV,1996-01-02,
SP500,TRW-200212,1996-01-02,2002-12-11
SP500,TSCO,2014-01-24,
SP500,TSG-200703,2000-03-16,2007-04-01
SP500,TSLA,2020-12-21,
SP500,TSN,2005-08-11,
SP500,TSS,2008-01-02,2019-09-22
SP500,TT,2026-10-02,
SP500,TT-200806,2002-05-13,2008-06-05
SP500,TTD,2025-07-18,
SP500,TTWO,2018-03-19,
SP500,TUP,1996-05-31,2004-03-24
SP500,TWC-201605,2009-03-30,2016-05-17
SP500,TWTR,2018-06-07,2022-10-31
SP500,TWX-200101,1996-01-02,2001-01-11
SP500,TWX-201806,1999-01-04,2018-06-14
SP500,TX-200110,1996-01-02,2001-10-09
SP500,TXN,1996-01-02,
SP500,TXT,1996-01-02,
SP500,TXU-200710,1996-01-02,2007-10-09
SP500,TYL,2020-06-22,
SP500,UA,2016-04-08,2022-06-20
SP500,UAA,2014-05-01,2022-06-20
SP500,UAL,2015-09-03,
SP500,UAWGQ-200303,1996-01-02,2002-05-14
SP500,UBER,2023-12-18,
SP500,UCC-199904,1996-01-02,1999-05-02
SP500,UCL-200508,1996-01-02,2005-08-10
SP500,UCM-200010,1996-01-02,2000-10-22
SP500,UDR,2016-03-07,
SP500,UHS,2014-09-22,
SP500,UIS,1996-01-02,2008-11-10
SP500,UK-200102,1996-01-02,2001-02-06
SP500,ULTA,2016-04-18,
SP500,UMG-200006,1996-01-02,2000-06-14
SP500,UN,1996-01-02,2002-07-21
SP500,UNH,1996-01-02,
SP500,UNM,1996-01-02,2021-09-19
SP500,UNP,1996-01-02,
SP500,UPC-200406,1998-10-01,2004-06-30
SP500,UPR-200007,1996-10-16,2000-07-16
SP500,UPS,2002-07-22,
SP500,URBN,2010-02-08,2017-03-19
SP500,URI,2014-09-22,
SP500,USB,1999-01-04,
SP500,USB-200102,1996-01-02,2001-02-25
SP500,USBC-199708,1996-01-02,1997-08-03
SP500,USH-199706,1996-01-02,1997-06-17
SP500,USHC-199607,1996-01-02,1996-07-18
SP500,USS-199810,1996-01-02,1998-10-01
SP500,UST-200901,1996-01-02,2009-01-05
SP500,USW-200006,1996-01-02,2000-07-02
SP500,UVN-200703,2001-02-07,2007-03-28
SP500,V,2009-12-21,
SP500,VAR,2007-02-12,2021-04-19
SP500,VAT-199609,1996-01-02,1996-09-05
SP500,VEEV,2026-05-07,
SP500,VFC,1996-01-02,2024-04-02
SP500,VIAB,2006-01-03,2019-12-04
SP500,VIAV,2000-07-27,2013-12-22
SP500,VICI,2022-06-08,
SP500,VLO,2004-04-29,
SP500,VLTO,2023-10-02,
SP500,VMC,1999-07-01,
SP500,VMRK,2026-10-02,
SP500,VNO,2005-08-12,2023-01-04
SP500,VNT,2020-10-09,2021-03-21
SP500,VO-200012,1996-01-02,2000-12-10
SP500,VRSK,2015-10-08,
SP500,VRSN,2006-02-01,
SP500,VRT,2026-03-23,
SP500,VRTS-200507,2000-04-03,2005-07-04
SP500,VRTX,2013-09-23,
SP500,VST,2024-05-08,
SP500,VSTNQ-201010,2000-06-29,2006-01-02
SP500,VTR,2009-03-04,
SP500,VTRS,2004-04-23,
SP500,VTSS-201504,2000-12-12,2002-08-20
SP500,VZ,1996-01-02,
SP500,WAB,2019-02-27,
SP500,WAI-199808,1996-01-02,1998-08-10
SP500,WAMUQ-201203,1997-07-02,2008-09-29
SP500,WAT,2002-01-02,
SP500,WB-200108,1996-01-02,2001-09-03
SP500,WB-200812,1996-01-02,2009-01-01
SP500,WBA,1996-01-02,2025-08-27
SP500,WBD,2022-04-11,
SP500,WCG,2018-09-17,2020-01-27
SP500,WCOEQ-200404,1996-04-01,2002-05-14
SP500,WDAY,2024-12-23,
SP500,WDC,2009-07-01,
SP500,WEC,2008-10-31,
SP500,WELL,2009-01-30,
SP500,WEN-200809,1996-01-02,2008-09-29
SP500,WFC,1996-01-02,
SP500,WFC-199811,1996-01-02,1998-11-02
SP500,WFM-201708,2006-01-03,2017-08-27
SP500,WFT,2005-07-22,2009-02-25
SP500,WHR,1996-01-02,2024-03-17
SP500,WIN,2006-07-18,2015-04-06
SP500,WLA-200006,1996-01-02,2000-06-19
SP500,WLL-200203,1996-01-02,2002-02-10
SP500,WLP-200411,1999-06-09,2004-11-30
SP500,WM,1998-07-17,
SP500,WMB,1996-01-02,
SP500,WMT,1996-01-02,
SP500,WMX-199807,1996-01-02,1998-07-16
SP500,WNDXQ-200611,1996-01-02,2004-12-02
SP500,WOR,1996-01-02,2004-12-19
SP500,WPX,2012-01-03,2014-03-23
SP500,WRB,2019-12-05,
SP500,WSM,2025-03-24,
SP500,WST,2020-05-22,
SP500,WTW,2016-01-05,
SP500,WU,2006-10-02,2021-12-19
SP500,WWY-200810,1996-01-02,2008-10-06
SP500,WY,1996-01-02,
SP500,WYE-200910,1996-01-02,2009-10-15
SP500,WYND,2006-08-01,2018-05-30
SP500,WYNN,2008-11-14,
SP500,X,1996-01-02,2014-07-01
SP500,XEC,2014-06-20,2020-03-01
SP500,XEL,1996-01-02,
SP500,XL-201809,2001-09-04,2018-09-11
SP500,XLNX,1999-11-08,2022-02-14
SP500,XOM,1996-01-02,
SP500,XRAY,2008-11-14,2024-04-02
SP500,XRX,1996-01-02,2021-03-21
SP500,XTO-201006,2004-12-29,2010-06-27
SP500,XYL,2011-11-01,
SP500,XYZ,2025-07-23,
SP500,YNR-200010,2000-01-06,2000-10-02
SP500,YRCW,1996-01-02,1996-11-03
SP500,YUM,1997-10-07,
SP500,ZBH,2001-08-07,
SP500,ZBRA,2019-12-23,
SP500,ZION,2001-06-25,2024-03-17
SP500,ZTS,2013-06-24,
