strategy,symbols_requested,symbols_used,annualized_return,sharpe_ratio,sortino_ratio,max_drawdown,calmar_ratio,win_rate,profit_factor,num_closed_trades,submitted_orders,fills,margin_calls
sma_cross_20_100,71,71,0.026900221922534717,0.36434621968864944,0.5677045916692136,-0.7127851178099112,0.03773959535685563,0.3466153162494445,1.5124716608061726,6751.0,7053,7052,0
cci_mean_reversion_20,71,71,-0.010341370829428653,0.30756999063841844,0.5424063955882223,-0.8946633603734623,-0.011558951989619672,0.630825066537624,0.7181406733043186,20665.0,22552,22550,0
zscore_mean_reversion_20,71,71,-0.020288803972791758,0.28809446803684713,0.5071225967561421,-0.8322631604385062,-0.024377871011498225,0.6319750564455435,0.8257903458124883,18602.0,20262,20260,0
momentum_12_1,71,71,0.009422509499079634,0.25654162084168974,0.3195289629874633,-0.8680234637542755,0.010855132254520491,0.46839472487494316,1.245248347593482,13194.0,13981,13979,0
turtle_55_20,71,71,-0.00516998755864162,0.24687691290059424,0.35295267162877564,-0.6882637663325516,-0.007511636979221151,0.3704084863837872,0.8331631149432615,12632.0,13412,13410,0
rsi_mean_reversion,71,71,-0.06961956909059941,0.2454066652606458,0.39360910574270824,-0.9808012585287408,-0.07098234069869856,0.6088342867860828,0.4281249948985943,10663.0,12285,12285,1
ema_cross_12_26,71,71,0.00878743971665008,0.19786683403379474,0.24579849469390502,-0.4566022077369024,0.01924528521271073,0.32991847014128994,1.1548396956222327,23427.0,24431,24427,0
atr_breakout_14,71,71,-0.013388075572441038,0.19586238553919919,0.31056153702246153,-0.7489930056153005,-0.01787476715011869,0.3867713306897575,0.7844679604678291,37071.0,40354,40351,0
stochastic_14_3,71,71,-0.07263347170075352,0.185630868653219,0.2702031809072435,-0.9840183874188962,-0.07381312445926223,0.6097876468685998,0.36965360698788363,9277.0,10600,10600,1
macd_signal_12_26_9,71,71,-0.010576334372396579,0.16856199665916166,0.20022752330871865,-0.6966326179238975,-0.015182083210395946,0.3501950453417093,0.8488675562729862,39478.0,42200,42196,0
bollinger_mean_reversion,71,71,-0.004766284487474071,0.16500016381938254,0.2302437130746296,-0.611343563825576,-0.007796409039866742,0.6098720892095769,0.8132097702661292,12196.0,13070,13069,0
