region,factor,date,release_date,tradable_from,value,series,source,transform,weight
US,growth,2024-01-01,2024-01-12,2024-01-19,0.65,PAYEMS,FRED:PAYEMS,zscore,1.0
US,inflation,2024-01-01,2024-01-11,2024-01-18,0.22,CPIAUCSL,FRED:CPIAUCSL,zscore,1.0
US,policy,2024-01-01,2024-01-31,2024-02-07,-0.18,FEDFUNDS,FRED:FEDFUNDS,zscore,1.0
US,liquidity,2024-01-01,2024-01-24,2024-01-31,0.31,NFCI,FRED:NFCI,zscore,1.0
US,credit,2024-01-01,2024-01-26,2024-02-02,0.14,BAMLH0A0HYM2,FRED:BAMLH0A0HYM2,zscore,1.0
EUROPE,growth,2024-01-01,2024-01-15,2024-01-22,0.28,EU_IP,OECD:EU_IP,zscore,1.0
EUROPE,inflation,2024-01-01,2024-01-17,2024-01-24,-0.08,EU_CPI,OECD:EU_CPI,zscore,1.0
EUROPE,policy,2024-01-01,2024-01-25,2024-02-01,0.11,ECB_DFR,ECB:DFR,zscore,1.0
EUROPE,liquidity,2024-01-01,2024-01-24,2024-01-31,0.19,EUR_CREDIT,ECB:EUR_CREDIT,zscore,1.0
EUROPE,credit,2024-01-01,2024-01-26,2024-02-02,0.07,EUR_OAS,ICE:EUR_OAS,zscore,1.0
US,growth,2024-02-01,2024-02-12,2024-02-20,0.18,PAYEMS,FRED:PAYEMS,zscore,1.0
US,inflation,2024-02-01,2024-02-13,2024-02-21,-0.24,CPIAUCSL,FRED:CPIAUCSL,zscore,1.0
US,policy,2024-02-01,2024-02-29,2024-03-07,0.33,FEDFUNDS,FRED:FEDFUNDS,zscore,1.0
US,liquidity,2024-02-01,2024-02-21,2024-02-28,0.12,NFCI,FRED:NFCI,zscore,1.0
US,credit,2024-02-01,2024-02-23,2024-03-01,-0.41,BAMLH0A0HYM2,FRED:BAMLH0A0HYM2,zscore,1.0
EUROPE,growth,2024-02-01,2024-02-15,2024-02-22,0.05,EU_IP,OECD:EU_IP,zscore,1.0
EUROPE,inflation,2024-02-01,2024-02-16,2024-02-23,-0.22,EU_CPI,OECD:EU_CPI,zscore,1.0
EUROPE,policy,2024-02-01,2024-02-28,2024-03-06,0.36,ECB_DFR,ECB:DFR,zscore,1.0
EUROPE,liquidity,2024-02-01,2024-02-22,2024-02-29,0.08,EUR_CREDIT,ECB:EUR_CREDIT,zscore,1.0
EUROPE,credit,2024-02-01,2024-02-23,2024-03-01,-0.19,EUR_OAS,ICE:EUR_OAS,zscore,1.0
