,H2 V1 buy-and-hold SVXY,"H2 V2 roll-yield, else VIXY","H2 V3 VRP, else VIXY","H2 V4 roll-yield, else T-bills","H2 V5 VRP, else T-bills","H2 V6 VRP, 50% SVXY","H1 A RSI2<5, exit close>SMA5, 10 slots","H1 B RSI2<5, Parker exit (up close / 5 days)","H1 C RSI2<10, exit close>SMA5",H1 D as A + SPY>200d for entries,"H1 E as A, 20 slots",H1 A at 20 bps per side,H3 S1 decile long/short,H3 S2 quintile long/short,"H3 S3 decile losers, long only","H4 R1 weekly, 2-week cohorts, long/short","H4 R2 weekly, 4-week cohorts, long/short","H4 R3 monthly 21-day reversal, long/short","H4 R4 as R2, long-only losers","H4 R5 as R3, long-only losers",SPY
1997,,,,,,,,,,,,,,,,,,,,,
1998,,,,,,,0.0926,0.0411,0.121,0.0487,0.0108,0.0266,-0.0721,0.0418,0.1336,-0.0844,-0.0139,-0.0437,0.1299,0.1353,0.2869
1999,,,,,,,0.3324,0.3163,0.3091,0.2877,0.3194,0.2202,-0.0005,-0.008,0.264,0.0399,0.0008,-0.2182,0.1511,0.0563,0.2039
2000,,,,,,,0.7454,0.6656,0.6609,0.4037,0.7257,0.5869,0.3576,0.3915,0.2208,0.2267,0.208,0.2373,0.1724,0.1442,-0.0974
2001,,,,,,,0.2574,-0.0357,0.2114,0.034,0.1138,0.1497,0.0038,-0.056,-0.0186,0.038,0.0533,0.6157,0.0301,0.319,-0.1176
2002,,,,,,,-0.0185,0.0966,0.0302,0.0945,0.0256,-0.0905,-0.2681,-0.2594,-0.1951,0.1053,-0.0297,0.0533,-0.2198,-0.1638,-0.2158
2003,,,,,,,0.3221,0.163,0.3455,0.1747,0.1765,0.2184,0.1434,0.0419,0.6595,0.0951,0.0792,-0.0995,0.6328,0.4677,0.2818
2004,,,,,,,0.131,-0.0567,0.1849,0.0933,0.0614,0.0317,-0.0195,0.0306,0.2296,-0.0241,-0.0239,-0.0533,0.1951,0.1997,0.107
2005,,,,,,,0.1535,0.083,0.1677,0.1243,0.107,0.0462,-0.0233,0.0057,0.1292,-0.0646,-0.0559,0.0267,0.1038,0.1524,0.0483
2006,,,,,,,0.1468,0.1216,0.0584,0.1086,0.1714,0.0391,-0.0213,-0.018,0.1162,0.015,0.0291,0.06,0.1504,0.1879,0.1585
2007,,,,,,,0.0862,-0.0112,0.0803,0.0552,0.0447,-0.0054,0.0142,-0.028,-0.0025,-0.0667,-0.0597,-0.2494,-0.0377,-0.1884,0.0515
2008,,,,,,,-0.235,0.0056,-0.187,0.0164,-0.0734,-0.2677,0.2648,0.0643,-0.3922,0.3281,0.06,-0.2261,-0.4342,-0.5805,-0.3679
2009,,,,,,,0.0569,-0.0536,0.1013,0.1252,0.062,-0.004,0.1004,-0.0204,0.7548,0.1286,0.031,-0.0937,0.7706,0.648,0.2635
2010,,,,,,,0.0782,0.0392,-0.0294,0.0083,0.1015,-0.0103,0.0368,0.0328,0.2266,-0.0061,0.0642,0.1141,0.2512,0.31,0.1506
2011,,,,,,,0.0165,-0.1086,0.031,-0.0328,0.0535,-0.058,-0.0626,-0.0739,-0.0289,0.0534,0.0091,-0.1243,0.0019,-0.1114,0.0189
2012,1.5038,1.5038,1.0512,1.5038,1.2878,0.5936,-0.0256,-0.0575,-0.0897,-0.0315,0.0833,-0.1089,-0.2409,-0.25,0.0301,-0.1229,-0.0667,-0.0262,0.1005,0.1369,0.1599
2013,1.0617,1.0617,-0.3235,1.0617,0.2045,0.1337,0.1607,0.087,0.25,0.1607,0.1061,0.053,-0.0361,0.0007,0.3531,-0.0556,-0.0392,-0.047,0.3708,0.4028,0.3231
2014,-0.0935,-0.466,-0.1191,-0.2936,-0.091,-0.0137,0.0624,-0.0688,0.1077,0.0327,0.0263,-0.0337,-0.1363,-0.1106,0.0869,-0.0471,-0.0298,-0.1797,0.121,-0.0058,0.1346
2015,-0.1751,-0.1234,-0.3671,-0.1292,-0.232,-0.0722,-0.0084,-0.0057,0.039,-0.0172,0.0139,-0.084,-0.2067,-0.1417,-0.177,-0.1766,-0.0987,0.0573,-0.1401,-0.0796,0.0123
2016,0.8034,0.6783,0.4437,0.7521,0.6435,0.3553,0.0028,-0.1192,-0.0072,0.0196,-0.0235,-0.0766,-0.3083,-0.2652,-0.0278,-0.1049,0.048,0.0427,0.225,0.2304,0.12
2017,1.8184,1.8184,1.7175,1.8184,1.7678,0.7231,-0.021,-0.0821,0.0296,-0.021,-0.0122,-0.123,-0.1019,-0.0888,0.1453,-0.0001,-0.0451,-0.0953,0.1414,0.0634,0.2171
2018,-0.9175,-0.9374,-0.892,-0.9268,-0.9104,-0.5532,-0.2434,-0.3787,-0.1499,-0.1377,-0.1916,-0.3031,0.0114,0.0006,-0.104,0.0489,-0.0013,0.006,-0.0965,-0.0761,-0.0457
2019,0.5421,-0.0932,0.047,0.2985,0.3817,0.1978,0.1061,-0.0225,0.1314,0.061,0.0505,0.0102,-0.1244,-0.0966,0.2603,-0.085,0.0797,0.2869,0.3793,0.4862,0.3122
2020,-0.3647,0.0936,0.7361,-0.1413,-0.0063,0.0168,0.1078,0.056,0.1615,0.0953,0.0948,0.0286,0.449,0.4986,0.339,-0.1088,-0.0016,-0.0732,0.1746,0.0864,0.1833
2021,0.4853,0.4853,0.2195,0.4853,0.3843,0.1995,0.1569,0.1785,0.2276,0.1569,0.1568,0.0459,-0.2251,-0.1802,0.1892,-0.0978,0.0111,-0.0489,0.3468,0.3514,0.2873
2022,-0.0466,-0.1392,-0.3599,-0.0773,-0.1417,-0.0531,-0.1151,-0.278,-0.1044,-0.1327,-0.1164,-0.17,0.1217,0.0924,-0.0888,0.1823,0.1109,-0.077,-0.038,-0.2401,-0.1818
2023,0.7621,0.7621,0.6754,0.7621,0.7321,0.3628,0.0842,-0.0241,0.1077,0.0642,0.0287,-0.0038,-0.002,-0.0755,0.3058,-0.0658,-0.0033,0.01,0.245,0.2881,0.2618
2024,-0.0317,-0.3765,1.2972,-0.1579,0.3751,0.2163,0.0431,-0.01,0.143,0.0431,0.1182,-0.0569,-0.0455,-0.0291,0.0676,0.0415,0.037,-0.1331,0.1463,0.0053,0.2489
2025,0.1063,-0.5014,-0.2148,-0.1196,0.0013,0.037,-0.0457,-0.1101,-0.1096,-0.0059,0.0522,-0.1298,-0.1446,-0.1571,0.0884,0.0597,0.0314,-0.1658,0.202,0.1026,0.1772
2026,0.1479,-0.0688,-0.039,0.0649,0.0752,0.058,-0.0854,-0.0606,-0.1193,-0.0936,0.0172,-0.1525,-0.1148,-0.058,0.1784,-0.218,-0.1034,-0.1291,0.1385,0.1269,0.1271
