,strategy,spy
2022-04-01,76883.13,76883.13
2022-04-04,74857.35,77541.76
2022-04-05,74069.18,76562.31
2022-04-06,74070.94,75796.73
2022-04-07,77157.46,76178.67
2022-04-08,75583.12,75974.97
2022-04-11,78459.80,74676.38
2022-04-12,75766.63,74399.69
2022-04-13,74999.14,75251.84
2022-04-14,73795.65,74314.82
2022-04-18,73391.87,74345.37
2022-04-19,73403.78,75545.50
2022-04-20,76154.99,75489.49
2022-04-21,74217.42,74360.65
2022-04-22,73728.22,72320.26
2022-04-25,70796.27,72739.54
2022-04-26,70497.04,70632.94
2022-04-27,70498.66,70831.55
2022-04-28,70500.25,72620.71
2022-04-29,70501.81,69936.97
2022-05-02,70506.62,70357.95
2022-05-03,70728.53,70680.47
2022-05-04,70897.72,72832.90
2022-05-05,69749.90,70244.21
2022-05-06,69345.14,69824.93
2022-05-09,67923.86,67589.33
2022-05-10,68206.16,67745.50
2022-05-11,68207.82,66669.28
2022-05-12,68727.31,66599.68
2022-05-13,69525.00,68191.94
2022-05-16,69726.23,67915.25
2022-05-17,71609.44,69312.29
2022-05-18,70339.02,66518.20
2022-05-19,73571.71,66110.80
2022-05-20,72951.65,66139.66
2022-05-23,73196.05,67377.14
2022-05-24,72189.24,66862.80
2022-05-25,73040.55,67453.53
2022-05-26,74123.11,68801.34
2022-05-27,74748.31,70490.35
2022-05-31,73467.69,70094.83
2022-06-01,72386.33,69527.87
2022-06-02,73085.20,70851.92
2022-06-03,73492.23,69689.13
2022-06-06,73145.71,69901.32
2022-06-07,75098.73,70571.83
2022-06-08,74422.82,69804.56
2022-06-09,73759.05,68144.41
2022-06-10,73022.77,66168.52
2022-06-13,72389.73,63656.22
2022-06-14,75325.65,63464.40
2022-06-15,73867.07,64369.17
2022-06-16,73950.90,62238.81
2022-06-17,73849.13,62104.71
2022-06-21,74393.92,63668.10
2022-06-22,74299.23,63552.67
2022-06-23,74555.31,64175.65
2022-06-24,73417.24,66216.05
2022-06-27,72928.25,65963.12
2022-06-28,73469.08,64615.31
2022-06-29,73786.37,64562.68
2022-06-30,74033.06,64038.16
2022-07-01,75119.59,64715.46
2022-07-05,75953.81,64837.68
2022-07-06,76037.99,65056.66
2022-07-07,76790.57,66031.02
2022-07-08,77362.86,65976.70
2022-07-11,76033.82,65223.01
2022-07-12,76178.63,64645.86
2022-07-13,77683.25,64306.36
2022-07-14,77383.97,64150.19
2022-07-15,77063.86,65375.79
2022-07-18,75859.86,64835.98
2022-07-19,75853.26,66587.80
2022-07-20,77274.65,67012.18
2022-07-21,79226.03,67694.57
2022-07-22,80191.76,67066.50
2022-07-25,77006.83,67147.98
2022-07-26,77321.12,66353.55
2022-07-27,77847.30,68076.51
2022-07-28,79569.25,68930.35
2022-07-29,78598.02,69935.27
2022-08-01,78511.80,69728.17
2022-08-02,78858.07,69268.15
2022-08-03,78433.40,70352.85
2022-08-04,77372.47,70305.32
2022-08-05,77788.06,70186.50
2022-08-08,77921.85,70105.02
2022-08-09,75807.23,69826.63
2022-08-10,78444.56,71293.27
2022-08-11,78461.87,71293.27
2022-08-12,83167.70,72500.19
2022-08-15,85505.11,72798.95
2022-08-16,88350.83,72941.54
2022-08-17,88584.60,72423.80
2022-08-18,83100.65,72634.29
2022-08-19,76274.90,71658.23
2022-08-22,77548.09,70166.13
2022-08-23,76389.24,69996.38
2022-08-24,77319.22,70220.45
2022-08-25,78430.89,71211.79
2022-08-26,79884.48,68801.34
2022-08-29,78793.19,68346.41
2022-08-30,79393.78,67596.12
2022-08-31,78379.73,67081.77
2022-09-01,74839.50,67292.26
2022-09-02,74489.19,66582.71
2022-09-06,74677.24,66331.48
2022-09-07,74130.86,67523.12
2022-09-08,74287.76,67964.47
2022-09-09,74494.25,69020.32
2022-09-12,74867.14,69762.12
2022-09-13,73401.72,66728.69
2022-09-14,72200.50,66983.32
2022-09-15,72555.51,66222.84
2022-09-16,72318.67,65448.78
2022-09-19,72389.99,65956.33
2022-09-20,71671.86,65199.25
2022-09-21,71550.54,64061.92
2022-09-22,71254.08,63523.82
2022-09-23,70776.73,62459.48
2022-09-26,70794.88,61841.59
2022-09-27,70801.28,61683.73
2022-09-28,70932.93,62897.44
2022-09-29,71239.10,61583.57
2022-09-30,72306.47,60631.28
2022-10-03,72860.86,62232.02
2022-10-04,74861.63,64160.38
2022-10-05,72653.09,64011.00
2022-10-06,72388.59,63350.67
2022-10-07,71137.94,61583.57
2022-10-10,72411.88,61113.37
2022-10-11,71804.46,60726.34
2022-10-12,73084.99,60526.03
2022-10-13,72603.98,62123.38
2022-10-14,72047.54,60707.66
2022-10-17,71679.55,62267.67
2022-10-18,72698.73,62999.29
2022-10-19,71838.12,62552.85
2022-10-20,72681.20,62028.32
2022-10-21,72526.88,63535.70
2022-10-24,72086.44,64313.15
2022-10-25,72053.21,65340.14
2022-10-26,72406.15,64847.86
2022-10-27,72594.12,64501.57
2022-10-28,72835.24,66036.11
2022-10-31,72413.61,65559.12
2022-11-01,72565.43,65272.24
2022-11-02,71713.09,63634.15
2022-11-03,71612.65,62978.92
2022-11-04,71018.75,63885.38
2022-11-07,71165.22,64496.48
2022-11-08,71893.07,64844.47
2022-11-09,71548.32,63508.54
2022-11-10,72965.45,66998.60
2022-11-11,73792.03,67647.04
2022-11-14,73596.11,67071.59
2022-11-15,77083.30,67643.65
2022-11-16,76316.25,67127.61
2022-11-17,77427.83,66922.21
2022-11-18,74612.31,67226.06
2022-11-21,73800.39,66981.62
2022-11-22,74824.22,67882.99
2022-11-23,76023.87,68310.76
2022-11-25,74738.69,68295.49
2022-11-28,74050.70,67205.69
2022-11-29,72868.74,67090.26
2022-11-30,73386.09,69203.65
2022-12-01,72720.33,69152.72
2022-12-02,73459.80,69072.94
2022-12-05,72050.91,67830.37
2022-12-06,71017.93,66852.61
2022-12-07,71015.86,66738.88
2022-12-08,71434.15,67261.71
2022-12-09,71300.86,66759.25
2022-12-12,71008.78,67721.73
2022-12-13,71841.82,68234.38
2022-12-14,75452.10,67798.12
2022-12-15,74166.63,66139.66
2022-12-16,74146.98,65060.05
2022-12-19,70250.23,64508.36
2022-12-20,70463.93,64596.63
2022-12-21,70658.59,65562.51
2022-12-22,70979.67,64627.19
2022-12-23,70728.04,64998.94
2022-12-27,70676.61,64742.62
2022-12-28,70480.48,63938.00
2022-12-29,70413.60,65088.91
2022-12-30,70525.30,64917.46
2023-01-03,69553.21,64644.16
2023-01-04,69156.12,65143.23
2023-01-05,69363.34,64399.72
2023-01-06,69513.47,65876.55
2023-01-09,70496.38,65839.20
2023-01-10,72553.98,66300.92
2023-01-11,73554.73,67139.49
2023-01-12,71838.79,67383.93
2023-01-13,71466.49,67645.34
2023-01-17,70681.79,67521.43
2023-01-18,68052.06,66455.40
2023-01-19,68100.98,65971.61
2023-01-20,69414.83,67200.60
2023-01-23,70115.27,68006.91
2023-01-24,68739.16,67933.92
2023-01-25,69109.34,67959.38
2023-01-26,67542.43,68706.28
2023-01-27,67966.44,68864.15
2023-01-30,67166.16,68000.12
2023-01-31,67629.38,68999.95
2023-02-01,69353.12,69733.27
2023-02-02,70375.41,70748.37
2023-02-03,69529.63,69996.38
2023-02-06,69302.62,69568.61
2023-02-07,68644.03,70478.47
2023-02-08,67331.43,69707.80
2023-02-09,66589.25,69103.49
2023-02-10,66149.40,69264.76
2023-02-13,66154.75,70077.86
2023-02-14,67850.10,70045.61
2023-02-15,67666.08,70273.07
2023-02-16,66258.39,69305.50
2023-02-17,64679.53,69132.35
2023-02-21,63122.54,67745.50
2023-02-22,62908.79,67652.13
2023-02-23,61768.01,68012.00
2023-02-24,61517.80,67285.47
2023-02-27,61541.67,67514.64
2023-02-28,60882.69,67265.10
2023-03-01,61791.30,67007.08
2023-03-02,62994.35,67528.22
2023-03-03,63748.34,68611.22
2023-03-06,65209.03,68658.75
2023-03-07,61935.00,67606.30
2023-03-08,61953.37,67716.64
2023-03-09,63678.16,66467.28
2023-03-10,65946.11,65508.19
2023-03-13,63188.47,65414.83
2023-03-14,63284.31,66496.14
2023-03-15,65492.14,66080.25
2023-03-16,65189.87,67239.64
2023-03-17,65004.63,66200.77
2023-03-20,64997.92,66837.33
2023-03-21,65132.71,67714.94
2023-03-22,63665.30,66560.64
2023-03-23,63996.92,66740.58
2023-03-24,63666.91,67178.53
2023-03-27,63740.55,67304.15
2023-03-28,63746.91,67153.07
2023-03-29,63734.78,68129.13
2023-03-30,63559.98,68528.04
2023-03-31,64608.28,69493.92
2023-04-03,63201.94,69758.73
2023-04-04,62306.21,69371.70
2023-04-05,61107.57,69190.07
2023-04-06,61231.72,69459.97
2023-04-10,61114.72,69531.26
2023-04-11,61066.76,69549.94
2023-04-12,60908.27,69266.45
2023-04-13,60081.49,70186.50
2023-04-14,60074.15,70015.05
2023-04-17,59662.83,70266.28
2023-04-18,59099.88,70312.11
2023-04-19,59406.52,70300.23
2023-04-20,59341.12,69916.60
2023-04-21,59282.50,69970.92
2023-04-24,59096.09,70043.91
2023-04-25,59112.19,68932.05
2023-04-26,58885.20,68640.08
2023-04-27,58813.62,70006.56
2023-04-28,58821.74,70604.08
2023-05-01,58846.87,70532.79
2023-05-02,58740.20,69740.06
2023-05-03,58204.28,69261.36
2023-05-04,58016.64,68770.79
2023-05-05,58004.38,70043.91
2023-05-08,58094.72,70062.58
2023-05-09,58236.20,69755.33
2023-05-10,57389.99,70081.25
2023-05-11,57264.79,69959.03
2023-05-12,56964.06,69867.37
2023-05-15,57203.46,70108.41
2023-05-16,56420.03,69639.90
2023-05-17,56744.52,70485.26
2023-05-18,55979.34,71164.26
2023-05-19,55648.28,71060.71
2023-05-22,55843.63,71089.57
2023-05-23,55829.24,70291.74
2023-05-24,55570.90,69782.49
2023-05-25,54765.49,70386.80
2023-05-26,54982.12,71298.36
2023-05-30,54589.89,71325.52
2023-05-31,54891.29,70930.00
2023-06-01,55173.34,71603.91
2023-06-02,55425.33,72639.39
2023-06-05,56214.10,72500.19
2023-06-06,56279.58,72658.06
2023-06-07,55474.31,72406.83
2023-06-08,55867.55,72844.78
2023-06-09,55806.23,72975.49
2023-06-12,56166.33,73637.52
2023-06-13,56193.23,74123.00
2023-06-14,56149.25,74211.27
2023-06-15,56342.42,75131.31
2023-06-16,54857.00,74598.30
2023-06-20,54291.16,74211.27
2023-06-21,54415.36,73831.03
2023-06-22,54450.03,74097.54
2023-06-23,54625.25,73537.36
2023-06-26,54826.52,73236.91
2023-06-27,54928.74,74039.82
2023-06-28,54894.05,74077.17
2023-06-29,54531.08,74369.14
2023-06-30,54049.46,75246.74
2023-07-03,54620.88,75333.32
2023-07-05,52833.48,75221.28
2023-07-06,51831.95,74632.25
2023-07-07,53256.18,74443.83
2023-07-10,52971.19,74632.25
2023-07-11,54094.30,75107.55
2023-07-12,53594.05,75711.86
2023-07-13,53128.41,76312.77
2023-07-14,51742.34,76265.24
2023-07-17,49909.14,76530.05
2023-07-18,48072.33,77098.72
2023-07-19,47732.01,77270.16
2023-07-20,47510.64,76757.52
2023-07-21,47067.69,76757.52
2023-07-24,46688.63,77100.41
2023-07-25,46516.93,77310.90
2023-07-26,45816.68,77322.79
2023-07-27,42976.87,76810.14
2023-07-28,42908.91,77562.13
2023-07-31,42915.49,77709.82
2023-08-01,42951.30,77487.44
2023-08-02,42442.63,76409.53
2023-08-03,42618.38,76190.55
2023-08-04,41970.82,75845.96
2023-08-07,41530.11,76507.99
2023-08-08,41259.56,76175.28
2023-08-09,41297.44,75666.03
2023-08-10,41134.35,75693.19
2023-08-11,40942.24,75649.05
2023-08-14,41348.37,76066.64
2023-08-15,40955.51,75180.54
2023-08-16,40785.60,74628.85
2023-08-17,40095.43,74060.19
2023-08-18,39955.01,74095.84
2023-08-21,39821.02,74577.93
2023-08-22,39448.26,74375.93
2023-08-23,40128.08,75204.31
2023-08-24,39189.93,74162.04
2023-08-25,39569.43,74684.87
2023-08-28,40068.81,75158.47
2023-08-29,39549.76,76244.87
2023-08-30,39491.19,76558.91
2023-08-31,39865.14,76446.88
2023-09-01,40488.18,76589.47
2023-09-05,40366.26,76258.45
2023-09-06,40885.43,75745.81
2023-09-07,40833.02,75513.25
2023-09-08,41847.02,75626.98
2023-09-11,41257.83,76124.35
2023-09-12,42996.13,75706.77
2023-09-13,42387.12,75795.04
2023-09-14,41713.05,76448.57
2023-09-15,40741.26,75262.02
2023-09-18,40523.11,75306.16
2023-09-19,40457.02,75149.99
2023-09-20,40253.70,74459.10
2023-09-21,40138.37,73228.42
2023-09-22,40053.63,73063.76
2023-09-25,39338.30,73371.01
2023-09-26,37522.95,72293.10
2023-09-27,38879.19,72321.95
2023-09-28,37888.19,72741.24
2023-09-29,37324.04,72564.70
2023-10-02,37350.66,72535.84
2023-10-03,37329.10,71564.87
2023-10-04,37359.58,72086.00
2023-10-05,37418.12,72058.84
2023-10-06,37334.62,72914.38
2023-10-09,37329.56,73381.19
2023-10-10,37323.72,73763.13
2023-10-11,37327.06,74065.29
2023-10-12,37330.48,73613.75
2023-10-13,37333.67,73247.09
2023-10-16,37343.48,74017.76
2023-10-17,37346.82,74014.36
2023-10-18,37350.01,73028.11
2023-10-19,37648.48,72386.46
2023-10-20,37178.70,71496.97
2023-10-23,36884.84,71373.05
2023-10-24,37053.15,71911.16
2023-10-25,36833.86,70879.08
2023-10-26,36822.34,70030.33
2023-10-27,36857.01,69712.90
2023-10-30,36766.44,70546.37
2023-10-31,36797.18,70989.42
2023-11-01,36989.17,71746.50
2023-11-02,37490.66,73121.48
2023-11-03,38167.55,73788.59
2023-11-06,37771.95,73958.34
2023-11-07,37911.13,74168.83
2023-11-08,37853.32,74223.15
2023-11-09,37237.82,73644.31
2023-11-10,37399.12,74793.51
2023-11-13,37390.17,74722.22
2023-11-14,37665.12,76171.88
2023-11-15,37618.17,76333.14
2023-11-16,37604.52,76426.51
2023-11-17,37788.76,76521.57
2023-11-20,38167.84,77110.60
2023-11-21,38289.45,76942.55
2023-11-22,37761.10,77239.61
2023-11-24,37664.36,77287.14
2023-11-27,37694.12,77147.94
2023-11-28,37713.47,77224.33
2023-11-29,38057.56,77170.01
2023-11-30,38795.32,77473.86
2023-12-01,39182.50,77932.19
2023-12-04,39157.71,77523.09
2023-12-05,38496.00,77507.81
2023-12-06,38579.47,77195.47
2023-12-07,39081.49,77784.51
2023-12-08,39422.15,78118.91
2023-12-11,39621.38,78422.77
2023-12-12,40075.47,78780.94
2023-12-13,40678.05,79867.34
2023-12-14,40837.36,80123.66
2023-12-15,40717.04,79668.73
2023-12-18,40487.52,80116.87
2023-12-19,40605.35,80604.05
2023-12-20,40162.51,79487.10
2023-12-21,40538.14,80240.79
2023-12-22,40912.89,80402.05
2023-12-26,40800.55,80741.55
2023-12-27,41701.53,80887.53
2023-12-28,41052.91,80918.09
2023-12-29,40267.63,80683.83
2024-01-02,39624.17,80232.30
2024-01-03,39756.29,79577.07
2024-01-04,40038.62,79320.74
2024-01-05,39382.49,79429.38
2024-01-08,39400.49,80563.31
2024-01-09,38962.69,80441.09
2024-01-10,38723.28,80896.02
2024-01-11,38641.64,80860.37
2024-01-12,38612.82,80916.39
2024-01-16,38464.31,80619.33
2024-01-17,38171.23,80171.19
2024-01-18,38111.39,80884.14
2024-01-19,38552.43,81892.45
2024-01-22,40363.72,82065.60
2024-01-23,43923.03,82304.95
2024-01-24,41864.36,82394.91
2024-01-25,43373.48,82843.05
2024-01-26,45304.88,82737.81
2024-01-29,48636.23,83393.04
2024-01-30,48979.38,83328.54
2024-01-31,48389.28,81968.84
2024-02-01,47245.47,83041.66
2024-02-02,46650.03,83915.87
2024-02-05,46987.70,83610.32
2024-02-06,46183.62,83853.07
2024-02-07,46442.75,84552.44
2024-02-08,46051.11,84589.78
2024-02-09,45992.39,85078.66
2024-02-12,46227.54,85041.31
2024-02-13,46161.77,83870.04
2024-02-14,46612.56,84632.22
2024-02-15,46903.68,85216.16
2024-02-16,46835.77,84791.78
2024-02-20,46738.78,84324.97
2024-02-21,47852.28,84401.36
2024-02-22,48140.01,86148.08
2024-02-23,48187.26,86207.50
2024-02-26,48899.94,85891.76
2024-02-27,50107.04,86051.33
2024-02-28,49823.62,85937.59
2024-02-29,48768.48,86246.54
2024-03-01,49401.71,87056.25
2024-03-04,49685.91,86962.88
2024-03-05,49145.84,86093.76
2024-03-06,49608.20,86530.02
2024-03-07,49231.86,87388.96
2024-03-08,49674.21,86864.43
2024-03-11,48841.98,86789.74
2024-03-12,49626.00,87723.36
2024-03-13,50419.37,87585.87
2024-03-14,49880.10,87412.72
2024-03-15,51263.07,86543.60
2024-03-18,49993.07,87057.94
2024-03-19,50254.33,87541.73
2024-03-20,50766.65,88351.44
2024-03-21,51121.59,88643.41
2024-03-22,51019.16,88475.36
2024-03-25,50890.67,88230.92
2024-03-26,50229.82,88067.96
2024-03-27,50199.86,88808.07
2024-03-28,50465.96,88791.09
2024-04-01,50610.78,88636.62
2024-04-02,49550.59,88073.05
2024-04-03,49681.85,88169.81
2024-04-04,49627.76,87093.59
2024-04-05,49515.99,88003.45
2024-04-08,49710.22,88052.68
2024-04-09,50287.64,88154.53
2024-04-10,50053.37,87271.83
2024-04-11,50171.45,87930.46
2024-04-12,49833.94,86716.75
2024-04-15,49070.49,85630.35
2024-04-16,49365.10,85474.18
2024-04-17,48503.27,84968.32
2024-04-18,48495.86,84793.48
2024-04-19,48515.07,84053.37
2024-04-22,48529.80,84827.43
2024-04-23,48529.49,85834.05
2024-04-24,47778.75,85793.31
2024-04-25,47500.89,85467.39
2024-04-26,47501.82,86277.09
2024-04-29,47536.76,86582.64
2024-04-30,47832.06,85211.06
2024-05-01,48352.15,84934.37
2024-05-02,48627.98,85728.80
2024-05-03,48350.40,86791.44
2024-05-06,48468.07,87687.72
2024-05-07,48606.04,87784.47
2024-05-08,48531.05,87792.96
2024-05-09,48917.96,88298.82
2024-05-10,48626.50,88412.55
2024-05-13,50033.80,88424.43
2024-05-14,53516.05,88830.13
2024-05-15,52842.89,89930.11
2024-05-16,53360.73,89745.09
2024-05-17,51143.95,89874.10
2024-05-20,49952.75,89977.64
2024-05-21,48072.49,90198.32
2024-05-22,47204.02,89938.60
2024-05-23,46442.17,89281.67
2024-05-24,45877.71,89872.40
2024-05-28,46186.60,89935.21
2024-05-29,45425.53,89305.43
2024-05-30,44945.90,88713.01
2024-05-31,45033.32,89521.02
2024-06-03,44719.66,89594.01
2024-06-04,44434.09,89694.16
2024-06-05,44231.48,90760.19
2024-06-06,44685.06,90758.49
2024-06-07,44658.71,90648.15
2024-06-10,44892.77,90928.24
2024-06-11,45063.77,91147.22
2024-06-12,45377.35,91895.82
2024-06-13,45484.59,92080.84
2024-06-14,45470.05,92136.86
2024-06-17,44666.89,92870.18
2024-06-18,44130.04,93106.13
2024-06-20,44236.28,92853.21
2024-06-21,44173.31,92430.53
2024-06-24,44591.49,92130.07
2024-06-25,45308.30,92484.85
2024-06-26,44846.11,92600.28
2024-06-27,44337.32,92746.26
2024-06-28,44506.75,92381.30
2024-07-01,44639.40,92571.42
2024-07-02,44304.04,93194.40
2024-07-03,43960.23,93610.29
2024-07-05,44393.16,94150.10
2024-07-08,44605.17,94258.74
2024-07-09,45168.58,94350.40
2024-07-10,43904.65,95284.03
2024-07-11,43926.18,94462.44
2024-07-12,44208.87,95058.26
2024-07-15,44094.54,95319.67
2024-07-16,44164.87,95884.94
2024-07-17,43760.09,94540.52
2024-07-18,43139.80,93813.99
2024-07-19,42903.95,93191.01
2024-07-22,42915.84,94151.79
2024-07-23,42918.21,94004.11
2024-07-24,42920.58,91873.75
2024-07-25,42922.95,91395.05
2024-07-26,42991.20,92418.65
2024-07-29,43075.04,92472.97
2024-07-30,43538.87,92004.46
2024-07-31,43160.18,93499.95
2024-08-01,43077.83,92175.90
2024-08-02,42512.63,90459.73
2024-08-05,42445.86,87825.21
2024-08-06,42211.04,88634.92
2024-08-07,41751.67,88042.49
2024-08-08,41736.78,90077.80
2024-08-09,42210.70,90475.01
2024-08-12,42002.09,90522.54
2024-08-13,42634.84,92011.25
2024-08-14,42526.15,92301.52
2024-08-15,42347.85,93883.59
2024-08-16,42226.20,94094.08
2024-08-19,42734.91,94993.75
2024-08-20,42963.93,94839.28
2024-08-21,43014.16,95165.20
2024-08-22,42697.31,94418.30
2024-08-23,43577.61,95421.52
2024-08-26,43380.36,95194.06
2024-08-27,43278.23,95324.77
2024-08-28,42694.08,94771.38
2024-08-29,42642.09,94779.87
2024-08-30,42660.86,95684.63
2024-09-03,42178.19,93715.54
2024-09-04,41925.15,93523.72
2024-09-05,42167.06,93296.25
2024-09-06,42148.05,91726.07
2024-09-09,42454.19,92753.05
2024-09-10,41522.68,93157.06
2024-09-11,40935.78,94112.75
2024-09-12,41039.97,94905.48
2024-09-13,41062.05,95401.15
2024-09-16,41345.39,95542.05
2024-09-17,41298.34,95581.09
2024-09-18,41312.88,95297.61
2024-09-19,41665.81,96923.81
2024-09-20,41190.01,96460.39
2024-09-23,41261.45,96701.44
2024-09-24,41466.41,96978.13
2024-09-25,41175.33,96764.24
2024-09-26,41486.26,97147.88
2024-09-27,41628.56,97006.99
2024-09-30,41521.40,97395.71
2024-10-01,41266.19,96523.20
2024-10-02,41906.31,96563.94
2024-10-03,41737.61,96387.40
2024-10-04,41714.02,97263.31
2024-10-07,41735.97,96384.00
2024-10-08,40821.84,97295.56
2024-10-09,40822.18,97969.47
2024-10-10,40417.57,97798.02
2024-10-11,40378.10,98383.66
2024-10-14,40288.61,99188.27
2024-10-15,40144.67,98417.61
2024-10-16,40371.55,98845.38
2024-10-17,40542.23,98853.87
2024-10-18,40437.07,99234.11
2024-10-21,40373.02,99071.15
2024-10-22,40602.28,99018.52
2024-10-23,40944.26,98113.76
2024-10-24,40000.21,98325.94
2024-10-25,40744.92,98291.99
2024-10-28,40554.79,98595.85
2024-10-29,40039.41,98755.41
2024-10-30,39767.05,98456.65
2024-10-31,39828.09,96526.59
2024-11-01,39656.35,96933.99
2024-11-04,39592.04,96725.20
2024-11-05,39508.10,97894.78
2024-11-06,39453.17,100328.99
2024-11-07,39705.68,101104.75
2024-11-08,39487.73,101542.70
2024-11-11,38456.70,101639.46
2024-11-12,38401.75,101323.73
2024-11-13,39012.89,101372.95
2024-11-14,38237.24,100721.12
2024-11-15,37858.01,99431.02
2024-11-18,38610.87,99838.42
2024-11-19,39332.00,100203.38
2024-11-20,38599.91,100237.33
2024-11-21,38239.49,100775.44
2024-11-22,38264.49,101087.77
2024-11-25,38181.10,101430.67
2024-11-26,38512.21,101960.29
2024-11-27,38499.29,101651.34
2024-11-29,39276.60,102282.81
2024-12-02,40984.72,102466.14
2024-12-03,38513.90,102513.67
2024-12-04,38275.81,103150.24
2024-12-05,38185.86,102980.49
2024-12-06,38047.60,103175.70
2024-12-09,37863.48,102644.38
2024-12-10,38117.89,102325.25
2024-12-11,37213.03,103116.29
2024-12-12,37203.60,102584.97
2024-12-13,37406.49,102564.60
2024-12-16,37428.10,103002.55
2024-12-17,37165.80,102578.18
2024-12-18,37257.11,99520.98
2024-12-19,35634.86,99490.43
2024-12-20,35313.19,100347.67
2024-12-23,34773.51,100948.58
2024-12-24,34711.54,102070.63
2024-12-26,34802.08,102077.42
2024-12-27,36184.04,101002.90
2024-12-30,36259.31,99850.30
2024-12-31,35136.58,99487.03
2025-01-02,35150.12,99242.59
2025-01-03,34823.17,100483.47
2025-01-06,34529.19,101062.31
2025-01-07,33928.50,99919.90
2025-01-08,33523.41,100065.88
2025-01-10,33504.28,98538.13
2025-01-13,33591.70,98690.91
2025-01-14,33040.23,98826.71
2025-01-15,33271.23,100624.36
2025-01-16,33351.99,100430.84
2025-01-17,33135.66,101439.16
2025-01-21,33081.51,102367.69
2025-01-22,33074.82,102943.14
2025-01-23,32487.88,103505.01
2025-01-24,32250.96,103202.86
2025-01-27,32294.13,101743.01
2025-01-28,33426.59,102617.22
2025-01-29,32355.23,102157.20
2025-01-30,32362.77,102705.49
2025-01-31,32210.48,102158.90
2025-02-03,32221.12,101471.41
2025-02-04,31881.56,102152.11
2025-02-05,31848.70,102566.30
2025-02-06,31797.97,102922.77
2025-02-07,31909.10,101980.66
2025-02-10,31911.08,102673.24
2025-02-11,32018.91,102751.32
2025-02-12,32014.68,102420.31
2025-02-13,31927.01,103501.62
2025-02-14,31655.92,103496.53
2025-02-18,31534.90,103800.38
2025-02-19,31409.12,104044.82
2025-02-20,31107.37,103611.96
2025-02-21,30890.30,101839.77
2025-02-24,30441.97,101376.35
2025-02-25,30195.35,100872.19
2025-02-26,30221.91,100923.12
2025-02-27,29944.74,99312.19
2025-02-28,29879.12,100862.01
2025-03-03,29876.64,99094.91
2025-03-04,29806.20,97921.94
2025-03-05,29941.54,98974.39
2025-03-06,29411.84,97217.48
2025-03-07,29369.91,97762.37
2025-03-10,29353.96,95158.41
2025-03-11,29347.78,94367.38
2025-03-12,29296.94,94868.14
2025-03-13,29280.74,93603.50
2025-03-14,29325.03,95536.95
2025-03-17,29291.23,96273.67
2025-03-18,29275.73,95233.10
2025-03-19,29231.76,96270.27
2025-03-20,29056.56,95991.88
2025-03-21,29032.66,95735.56
2025-03-24,28985.97,97450.03
2025-03-25,28926.33,97684.29
2025-03-26,28863.72,96518.11
2025-03-27,28834.61,96261.78
2025-03-28,28869.42,94323.24
2025-03-31,28866.77,94956.41
2025-04-01,28835.79,95224.61
2025-04-02,28892.05,95827.22
2025-04-03,28873.32,91104.78
2025-04-04,28847.17,85771.24
2025-04-07,28845.15,85618.46
2025-04-08,28715.02,84277.44
2025-04-09,28669.00,93128.20
2025-04-10,28669.29,89047.41
2025-04-11,28563.17,90636.27
2025-04-14,28676.57,91515.58
2025-04-15,28715.78,91259.25
2025-04-16,28731.21,89230.74
2025-04-17,28568.53,89358.06
2025-04-21,28598.78,87231.09
2025-04-22,28669.12,89500.65
2025-04-23,28673.25,90887.50
2025-04-24,28715.98,92800.58
2025-04-25,28731.60,93471.10
2025-04-28,28662.34,93506.74
2025-04-29,28684.52,94095.78
2025-04-30,28791.26,94133.12
2025-05-01,28943.34,94800.24
2025-05-02,28995.91,96207.46
2025-05-05,28825.20,95655.78
2025-05-06,28747.28,94856.26
2025-05-07,28698.86,95255.17
2025-05-08,28794.05,95918.89
2025-05-09,28979.51,95796.67
2025-05-12,29071.81,98962.51
2025-05-13,29202.56,99616.04
2025-05-14,29133.58,99743.36
2025-05-15,29102.41,100230.54
2025-05-16,29090.00,100865.40
2025-05-19,29072.98,100975.74
2025-05-20,29056.09,100636.24
2025-05-21,28989.54,98940.44
2025-05-22,28939.93,98979.48
2025-05-23,28949.22,98303.88
2025-05-27,29290.22,100347.67
2025-05-28,29246.29,99767.12
2025-05-29,29996.78,100160.94
2025-05-30,29875.11,100048.91
2025-06-02,29504.01,100612.48
2025-06-03,29527.80,101186.23
2025-06-04,29641.50,101159.07
2025-06-05,29370.10,100670.19
2025-06-06,29513.78,101703.97
2025-06-09,29661.49,101795.63
2025-06-10,29580.23,102372.78
2025-06-11,29623.00,102080.81
2025-06-12,29630.84,102486.51
2025-06-13,29627.15,101340.70
2025-06-16,29747.36,102304.88
2025-06-17,29657.60,101430.67
2025-06-18,29644.68,101415.39
2025-06-20,29593.32,100878.98
2025-06-23,29605.11,101875.41
2025-06-24,29611.78,103000.86
2025-06-25,29632.79,103058.57
2025-06-26,29340.36,103864.88
2025-06-27,29462.77,104380.92
2025-06-30,29338.32,104879.99
2025-07-01,29487.57,104846.04
2025-07-02,29768.40,105321.34
2025-07-03,29867.41,106151.42
2025-07-07,29633.52,105360.38
2025-07-08,29704.19,105302.67
2025-07-09,29708.91,105934.14
2025-07-10,29619.74,106232.90
2025-07-11,29627.26,105859.45
2025-07-14,29675.97,106061.45
2025-07-15,29700.17,105608.22
2025-07-16,29742.52,105961.30
2025-07-17,29795.49,106609.74
2025-07-18,29800.37,106531.65
2025-07-21,29854.99,106733.66
2025-07-22,29923.32,106748.93
2025-07-23,29801.45,107657.10
2025-07-24,29606.12,107692.74
2025-07-25,29493.86,108147.67
2025-07-28,29477.04,108120.51
2025-07-29,29480.93,107835.33
2025-07-30,29477.11,107699.53
2025-07-31,29473.87,107295.53
2025-08-01,29477.12,105536.92
2025-08-04,29456.96,107141.06
2025-08-05,29485.53,106597.86
2025-08-06,29483.23,107414.35
2025-08-07,29471.25,107324.39
2025-08-08,29463.85,108161.25
2025-08-11,29378.62,107947.37
2025-08-12,29289.31,109096.58
2025-08-13,29080.41,109470.03
2025-08-14,28883.79,109480.21
2025-08-15,28881.83,109223.89
2025-08-18,28829.93,109200.12
2025-08-19,28826.36,108607.70
2025-08-20,28837.85,108319.12
2025-08-21,28847.59,107884.56
2025-08-22,28848.86,109541.32
2025-08-25,28883.72,109059.23
2025-08-26,28876.67,109515.86
2025-08-27,28867.25,109765.39
2025-08-28,28852.71,110154.12
2025-08-29,28859.22,109497.19
2025-09-02,28854.34,108685.78
2025-09-03,28847.39,109274.81
2025-09-04,28829.27,110188.07
2025-09-05,28817.22,109868.94
2025-09-08,28850.13,110138.84
2025-09-09,28719.19,110393.47
2025-09-10,28754.24,110712.60
2025-09-11,28785.36,111632.64
2025-09-12,28782.90,111595.29
2025-09-15,28740.02,112189.42
2025-09-16,28729.18,112034.95
2025-09-17,28729.23,111895.75
2025-09-18,28754.86,112418.58
2025-09-19,28762.85,112663.02
2025-09-22,28698.60,113196.04
2025-09-23,28715.78,112579.84
2025-09-24,28703.73,112221.67
2025-09-25,28703.36,111703.93
2025-09-26,28694.06,112343.89
2025-09-29,28675.56,112659.63
2025-09-30,28672.62,113084.00
2025-10-01,28700.01,113469.33
2025-10-02,28670.09,113600.04
2025-10-03,28670.51,113598.34
2025-10-06,28664.06,114005.74
2025-10-07,28646.59,113583.07
2025-10-08,28628.19,114260.37
2025-10-09,28634.48,113929.36
2025-10-10,28635.96,110850.09
2025-10-13,28634.19,112550.99
2025-10-14,28631.52,112413.49
2025-10-15,28662.55,112912.55
2025-10-16,28661.23,112143.59
2025-10-17,28640.83,112780.15
2025-10-20,28733.78,113953.12
2025-10-21,28967.29,113951.42
2025-10-22,28941.41,113359.00
2025-10-23,28852.63,114031.21
2025-10-24,28807.86,114963.13
2025-10-27,28755.04,116319.44
2025-10-28,28750.17,116628.38
2025-10-29,28743.59,116684.40
2025-10-30,28743.05,115401.09
2025-10-31,28734.82,115779.63
2025-11-03,28727.40,115996.91
2025-11-04,28724.10,114621.94
2025-11-05,28723.76,115019.15
2025-11-06,28722.07,113785.07
2025-11-07,28721.68,113897.10
2025-11-10,28723.21,115674.39
2025-11-11,28724.98,115939.20
2025-11-12,28718.53,116003.70
2025-11-13,28714.40,114078.74
2025-11-14,28766.39,114060.06
2025-11-17,28712.11,112997.43
2025-11-18,28732.35,112048.53
2025-11-19,28723.47,112481.39
2025-11-20,28716.98,110766.92
2025-11-21,28717.22,111870.29
2025-11-24,28725.17,113516.86
2025-11-25,28724.23,114584.59
2025-11-26,28720.83,115375.63
2025-11-28,28719.67,116005.40
2025-12-01,28708.21,115475.78
2025-12-02,28677.39,115689.66
2025-12-03,28672.63,116090.27
2025-12-04,28692.00,116175.15
2025-12-05,28682.69,116395.82
2025-12-08,28682.71,116046.14
2025-12-09,28730.99,115945.99
2025-12-10,28710.19,116714.95
2025-12-11,28679.61,116986.55
2025-12-12,28652.89,115728.71
2025-12-15,28637.07,115553.86
2025-12-16,28637.10,115238.13
2025-12-17,28601.50,113970.10
2025-12-18,28578.93,114830.73
2025-12-19,28554.40,115530.10
2025-12-22,28556.27,116249.84
2025-12-23,28560.44,116781.16
2025-12-24,28553.72,117191.95
2025-12-26,28540.71,117180.07
2025-12-29,28519.19,116762.48
2025-12-30,28512.55,116619.89
2025-12-31,28502.40,115755.87
2026-01-02,28486.90,115968.05
2026-01-05,28484.81,116740.42
2026-01-06,28524.95,117434.69
2026-01-07,28537.01,117056.15
2026-01-08,28531.50,117044.27
2026-01-09,28502.05,117818.33
2026-01-12,28514.95,118003.35
2026-01-13,28501.69,117767.40
2026-01-14,28508.02,117188.55
2026-01-15,28574.71,117507.68
2026-01-16,28585.78,117409.23
2026-01-20,28658.63,115019.15
2026-01-21,28712.16,116346.60
2026-01-22,28733.06,116954.30
2026-01-23,28717.62,116996.74
2026-01-26,28682.41,117590.86
2026-01-27,28662.69,118059.37
2026-01-28,28666.71,118047.49
2026-01-29,28675.63,117813.23
2026-01-30,28646.54,117461.85
2026-02-02,28646.13,118045.79
2026-02-03,28647.03,117047.66
2026-02-04,28648.62,116480.70
2026-02-05,28648.72,115025.94
2026-02-06,28618.48,117232.69
2026-02-09,28588.50,117797.96
2026-02-10,28585.12,117487.31
2026-02-11,28563.93,117460.15
2026-02-12,28490.00,115645.53
2026-02-13,28488.65,115727.01
2026-02-17,28464.92,115913.73
2026-02-18,28466.31,116497.67
2026-02-19,28466.10,116190.43
2026-02-20,28467.24,117030.69
2026-02-23,28466.48,115835.65
2026-02-24,28466.48,116677.61
2026-02-25,28466.14,117662.16
2026-02-26,28452.21,117008.62
2026-02-27,28436.97,116446.75
2026-03-02,28433.47,116512.95
2026-03-03,28468.70,115485.96
2026-03-04,28377.04,116300.76
2026-03-05,28377.91,115652.32
2026-03-06,28394.20,114136.45
2026-03-09,28385.83,115136.28
2026-03-10,28399.90,114951.25
2026-03-11,28401.58,114806.96
2026-03-12,28398.32,113063.63
2026-03-13,28387.52,112423.67
2026-03-16,28384.48,113567.79
2026-03-17,28396.94,113866.55
2026-03-18,28392.29,112277.69
2026-03-19,28400.39,112001.00
2026-03-20,28396.80,110094.71
2026-03-23,28427.53,111250.70
2026-03-24,28415.98,110877.25
2026-03-25,28416.03,111495.14
2026-03-26,28427.38,109503.98
2026-03-27,28415.83,107636.73
2026-03-30,28408.94,107276.86
2026-03-31,28407.99,110395.16
2026-04-01,28444.66,111226.94
2026-04-02,28463.58,111327.09
2026-04-06,28428.16,111853.31
2026-04-07,28431.13,111902.54
2026-04-08,28426.50,114752.64
2026-04-09,28431.76,115414.67
2026-04-10,28436.92,115338.28
2026-04-13,28418.25,116465.42
2026-04-14,28408.81,117884.53
2026-04-15,28418.59,118814.76
2026-04-16,28421.23,119106.73
2026-04-17,28416.31,120546.21
2026-04-20,28411.64,120305.16
2026-04-21,28409.24,119517.52
2026-04-22,28409.25,120727.84
2026-04-23,28409.26,120259.33
2026-04-24,28398.96,121191.26
2026-04-27,28394.45,121400.05
2026-04-28,28402.57,120809.32
2026-04-29,28401.03,120790.65
2026-04-30,28398.44,121992.48
2026-05-01,28399.00,122330.28
2026-05-04,28397.70,121882.14
2026-05-05,28397.34,122859.90
2026-05-06,28398.44,124567.58
2026-05-07,28400.61,124185.65
2026-05-08,28397.23,125210.94
2026-05-11,28400.46,125496.12
2026-05-12,28395.22,125306.00
2026-05-13,28395.23,126007.06
2026-05-14,28395.17,127001.80
2026-05-15,28397.69,125474.05
2026-05-18,28402.05,125385.78
2026-05-19,28394.85,124550.61
2026-05-20,28417.80,125827.13
2026-05-21,28420.53,126076.66
2026-05-22,28426.88,126572.33
2026-05-26,28417.64,127412.59
2026-05-27,28404.08,127390.53
2026-05-28,28407.96,128093.29
2026-05-29,28398.11,128412.42
2026-06-01,28397.69,128762.10
2026-06-02,28396.85,128936.95
2026-06-03,28400.19,128032.18
2026-06-04,28430.24,128515.97
2026-06-05,28432.89,125199.05
2026-06-08,28481.81,125482.54
2026-06-09,28437.69,125114.18
2026-06-10,28494.87,123141.68
2026-06-11,28490.17,125234.70
2026-06-12,28459.36,125912.00
2026-06-15,28488.42,128132.33
2026-06-16,28434.18,127368.46
2026-06-17,28436.11,125777.90
2026-06-18,28435.65,126759.06
2026-06-22,28432.88,126360.14
2026-06-23,28427.39,124525.15
2026-06-24,28427.13,124467.43
2026-06-25,28421.56,124647.37
2026-06-26,28415.90,123745.99
2026-06-29,28411.03,125784.69
2026-06-30,28395.52,126764.15
2026-07-01,28388.19,126592.70
2026-07-02,28386.53,126426.35
2026-07-06,28389.66,127529.72
2026-07-07,28394.14,126923.71
2026-07-08,28395.54,126531.59
2026-07-09,28397.90,127602.71
2026-07-10,28393.06,128152.70
2026-07-13,28384.91,127171.55
2026-07-14,28384.68,127623.08
2026-07-15,28383.36,128128.94
2026-07-16,28384.64,127434.66
2026-07-17,28384.47,126173.42
2026-07-20,28384.73,125969.72
2026-07-21,28383.76,127020.47
2026-07-22,28383.29,126872.79
2026-07-23,28358.77,125306.00
2026-07-24,28360.43,125433.31
2026-07-27,28360.44,125460.47
2026-07-28,28360.45,125760.93
2026-07-29,28371.33,123825.78
2026-07-30,28407.91,125901.82
2026-07-31,28348.52,126808.28
2026-08-03,28382.34,128614.42
2026-08-04,28368.20,130933.21
2026-08-05,28366.75,130671.79
2026-08-06,28366.84,130463.00
2026-08-07,28360.05,131260.82
2026-08-10,28360.06,131221.78
2026-08-11,28360.07,130802.50
2026-08-12,28358.33,131130.12
2026-08-13,28357.19,132045.07
2026-08-14,28361.21,131783.65
2026-08-17,28360.13,131160.67
2026-08-18,28358.37,130274.58
2026-08-19,28355.59,130547.87
2026-08-20,28353.52,129451.29
2026-08-21,28354.73,129980.91
2026-08-24,28355.58,129598.97
2026-08-25,28355.71,130013.16
2026-08-26,28355.58,130042.02
2026-08-27,28351.28,130894.16
2026-08-28,28350.05,130597.10
2026-08-31,28350.06,130206.68
2026-09-01,28350.07,129312.09
2026-09-02,28350.07,129885.85
2026-09-03,28350.07,131245.55
2026-09-04,28350.07,130739.69
2026-09-08,28350.09,130021.65
2026-09-09,28350.09,129417.34
2026-09-10,28350.87,128641.58
2026-09-11,28350.75,129738.17
2026-09-14,28350.47,129159.32
2026-09-15,28349.87,128566.89
2026-09-16,28349.77,127999.93
2026-09-17,28341.38,129451.29
2026-09-18,28338.81,129296.82
2026-09-21,28338.81,131301.56
2026-09-22,28338.81,131281.19
2026-09-23,28338.81,130335.69
2026-09-24,28338.79,130228.74
2026-09-25,28338.77,130936.60
2026-09-28,28338.76,129962.24
2026-09-29,28338.76,129722.89
2026-09-30,28338.76,129456.38
