symbol,entry,exit,entry_price,exit_price,quantity,pnl,reason
WBX,2022-01-04,2022-01-05,350.1035,334.2495,37.0,-586.6,STOP
PLAB,2022-01-05,2022-01-06,19.4087,18.9415,1288.0,-601.83,STOP
CCXI,2022-01-04,2022-01-10,38.1472,36.2737,442.0,-828.08,TRAIL
AVAV,2022-03-24,2022-03-29,99.5248,94.6574,153.0,-744.71,STOP
VTNR,2022-03-25,2022-03-29,9.2742,8.916,979.0,-350.66,STOP
HP,2022-03-25,2022-03-29,42.8693,41.2214,403.0,-664.08,STOP
RES,2022-04-04,2022-04-05,11.5452,10.7352,943.0,-763.85,STOP
PTEN,2022-04-04,2022-04-05,16.2573,15.443,899.0,-732.02,STOP
PRCT,2022-04-04,2022-04-05,36.0362,34.8043,427.0,-526.01,STOP
AR,2022-04-05,2022-04-06,31.8643,30.9161,638.0,-604.98,TRAIL
SANA,2022-04-12,2022-04-14,9.3142,8.6961,954.0,-589.67,STOP
CORT,2022-07-20,2022-07-21,28.0726,27.4677,680.0,-411.33,STOP
TH,2022-07-22,2022-07-28,12.8958,13.8937,266.0,265.45,PARTIAL
TMDX,2022-07-22,2022-07-28,35.3359,38.4127,115.0,353.83,PARTIAL
STRO,2022-07-27,2022-07-28,64.6291,60.6927,169.0,-665.25,STOP
IRTC,2022-07-28,2022-08-03,154.5795,153.9007,1.0,-0.68,STOP
CELH,2022-07-28,2022-08-03,28.833,34.8776,139.0,840.2,PARTIAL
TH,2022-07-22,2022-08-05,12.8958,13.374,534.0,255.35,TRAIL
CYRX,2022-08-01,2022-08-05,37.697,35.8639,136.0,-249.3,PARTIAL
CYRX,2022-08-01,2022-08-05,37.697,35.8639,273.0,-500.44,STOP
LNTH,2022-08-04,2022-08-05,79.2957,71.4578,96.0,-752.43,TRAIL
MARA,2022-08-04,2022-08-05,14.1761,13.224,6.0,-5.71,STOP
RIOT,2022-08-02,2022-08-08,7.9336,8.7661,314.0,261.4,PARTIAL
GTHX,2022-08-03,2022-08-09,8.804,10.7152,391.0,747.29,PARTIAL
RIOT,2022-08-02,2022-08-09,7.9336,7.93,630.0,-2.25,STOP
WTRH,2022-08-04,2022-08-10,7.3833,7.8565,240.0,113.55,PARTIAL
CELH,2022-07-28,2022-08-10,28.833,32.2188,279.0,944.65,TRAIL
WTRH,2022-08-04,2022-08-10,7.3833,7.38,482.0,-1.6,STOP
DRCT,2022-08-11,2022-08-12,825.3713,617.9218,10.0,-2074.49,STOP
TMDX,2022-07-22,2022-08-17,35.3359,43.6204,232.0,1922.0,TRAIL
TXMD,2022-08-15,2022-08-17,10.5047,9.1559,926.0,-1249.03,STOP
SHLS,2022-08-18,2022-08-19,27.1622,25.1787,363.0,-720.03,STOP
SWIR,2022-08-18,2022-08-22,30.8039,30.6562,781.0,-115.32,STOP
ALT,2022-08-24,2022-08-25,19.0486,18.2018,405.0,-342.94,STOP
CINC,2022-08-24,2022-08-29,35.9962,34.9942,264.0,-264.51,STOP
GBT,2022-08-24,2022-08-30,67.5104,67.6995,118.0,22.32,PARTIAL
GTHX,2022-08-03,2022-09-07,8.804,13.6339,783.0,3781.81,TRAIL
GBT,2022-08-24,2022-09-12,67.5104,67.8295,238.0,75.95,TRAIL
ATRA,2022-11-01,2022-11-02,123.8057,116.9474,72.0,-493.8,STOP
FNGR,2022-11-02,2022-11-03,7.9136,7.3467,594.0,-336.72,STOP
NUVL,2022-11-16,2022-11-17,33.7502,31.5558,240.0,-526.65,STOP
IMVT,2022-11-15,2022-11-18,13.0359,12.6943,762.0,-260.28,STOP
ALLK,2022-11-18,2022-11-21,7.7935,7.3367,1412.0,-645.01,STOP
NINE,2022-11-17,2022-11-21,10.2946,9.4957,820.0,-655.1,STOP
OII,2022-11-17,2022-11-21,15.0668,14.2836,1093.0,-856.05,STOP
ASC,2022-11-18,2022-11-25,14.3515,14.4635,361.0,40.44,PARTIAL
EXTR,2022-11-18,2022-11-25,19.0586,19.911,304.0,259.15,PARTIAL
SPWR,2022-11-25,2022-11-28,24.421,23.4894,7.0,-6.52,STOP
IMVT,2022-11-28,2022-11-29,13.4861,13.1291,1134.0,-404.81,STOP
PI,2022-11-23,2022-11-30,120.044,123.1146,34.0,104.4,PARTIAL
PETQ,2022-11-23,2022-11-30,11.7453,11.3549,315.0,-122.97,PARTIAL
PETQ,2022-11-23,2022-11-30,11.7453,11.3549,632.0,-246.73,STOP
PI,2022-11-23,2022-12-01,120.044,119.99,69.0,-3.73,STOP
FDMT,2022-12-01,2022-12-02,24.8296,22.6398,434.0,-950.36,STOP
AEHR,2022-12-01,2022-12-02,27.0122,26.1182,473.0,-422.82,STOP
ANF,2022-12-02,2022-12-05,24.521,23.5794,914.0,-860.66,STOP
CERT,2022-11-30,2022-12-06,16.6575,17.712,5.0,5.27,PARTIAL
ASC,2022-11-18,2022-12-06,14.3515,14.345,724.0,-4.68,STOP
EXTR,2022-11-18,2022-12-07,19.0586,19.4612,608.0,244.82,TRAIL
IMGO,2022-12-02,2022-12-08,35.7661,35.8239,215.0,12.42,PARTIAL
BURL,2022-12-02,2022-12-08,200.06,197.9109,1.0,-2.15,PARTIAL
BURL,2022-12-02,2022-12-08,200.06,197.9109,2.0,-4.3,STOP
CERT,2022-11-30,2022-12-13,16.6575,17.5921,10.0,9.35,TRAIL
OM,2022-12-07,2022-12-13,336.3013,380.0789,12.0,525.33,PARTIAL
AXSM,2022-12-13,2022-12-14,80.9064,78.3847,125.0,-315.21,STOP
DOCS,2022-12-13,2022-12-14,37.2968,35.8539,407.0,-587.27,STOP
IMGO,2022-12-02,2022-12-15,35.7661,35.75,430.0,-6.92,STOP
PRVB,2022-12-13,2022-12-16,9.5643,9.1659,1081.0,-430.7,STOP
OM,2022-12-07,2022-12-28,336.3013,362.5368,25.0,655.89,TRAIL
CABA,2023-01-18,2023-01-19,10.8749,10.4253,452.0,-203.21,STOP
CINC,2023-01-17,2023-01-23,29.4382,29.0869,255.0,-89.59,PARTIAL
CINC,2023-01-17,2023-01-23,29.4382,29.0869,510.0,-179.18,STOP
OM,2023-01-17,2023-01-23,412.6841,410.3653,11.0,-25.51,PARTIAL
OM,2023-01-17,2023-01-23,412.6841,410.3653,22.0,-51.02,STOP
ORIC,2023-01-18,2023-01-24,6.3358,6.687,409.0,143.66,PARTIAL
PAR,2023-01-23,2023-01-24,32.0944,31.058,519.0,-537.9,STOP
ORIC,2023-01-18,2023-01-24,6.3358,6.3329,819.0,-2.33,STOP
RAPT,2023-01-20,2023-01-26,224.1008,220.4608,15.0,-54.6,PARTIAL
RAPT,2023-01-20,2023-01-26,224.1008,220.4608,30.0,-109.2,STOP
SPRB,2023-01-26,2023-01-30,221.3496,203.9082,25.0,-436.03,STOP
RIOT,2023-01-30,2023-01-31,6.633,6.0573,957.0,-550.95,TRAIL
CNCE,2023-01-27,2023-02-02,8.3438,8.3462,891.0,2.22,PARTIAL
TDW,2023-02-01,2023-02-02,44.2298,42.4509,415.0,-738.25,STOP
THRX,2023-01-31,2023-02-06,13.0159,13.8338,161.0,131.68,PARTIAL
THRX,2023-01-31,2023-02-06,13.0159,13.01,324.0,-1.9,STOP
HUT,2023-02-01,2023-02-07,10.6048,12.0946,178.0,265.18,PARTIAL
HUT,2023-02-01,2023-02-07,10.6048,10.6,358.0,-1.71,STOP
CNCE,2023-01-27,2023-02-08,8.3438,8.3562,1783.0,22.26,TRAIL
SUMO,2023-02-09,2023-02-10,12.5056,11.8647,913.0,-585.2,TRAIL
WFRD,2023-02-08,2023-02-14,58.4663,66.9998,101.0,861.89,PARTIAL
OII,2023-02-14,2023-02-15,21.8598,20.9106,775.0,-735.67,STOP
RIG,2023-02-15,2023-02-17,7.6034,7.2168,1592.0,-615.58,STOP
WFRD,2023-02-08,2023-02-21,58.4663,62.202,202.0,754.61,TRAIL
INDI,2023-03-01,2023-03-02,10.5447,10.2754,1982.0,-533.89,STOP
INTA,2023-02-27,2023-03-03,39.5078,40.042,148.0,79.06,PARTIAL
INTA,2023-02-27,2023-03-03,39.5078,39.49,296.0,-5.26,STOP
RAPT,2023-02-28,2023-03-06,241.4686,245.8893,17.0,75.15,PARTIAL
RAPT,2023-02-28,2023-03-06,241.4686,241.36,35.0,-3.8,STOP
UVE,2023-03-09,2023-03-10,19.6588,18.8215,958.0,-802.15,STOP
BLBD,2023-03-08,2023-03-10,22.0099,21.4403,708.0,-403.24,STOP
ACLS,2023-03-08,2023-03-10,133.0398,128.852,136.0,-569.55,STOP
CDTX,2023-03-20,2023-03-23,36.0162,33.385,224.0,-589.4,STOP
BLPH,2023-03-20,2023-03-24,7.8835,7.3967,154.0,-74.98,PARTIAL
BLPH,2023-03-20,2023-03-24,7.8835,7.3967,310.0,-150.93,STOP
DUOL,2023-03-21,2023-03-27,130.5537,136.6685,33.0,201.79,PARTIAL
MYGN,2023-03-23,2023-03-28,24.0008,23.1796,764.0,-627.42,TRAIL
ATEC,2023-03-27,2023-03-28,16.1473,15.7929,1062.0,-376.34,STOP
CRBP,2023-03-29,2023-03-31,8.1036,7.5166,465.0,-272.97,STOP
DM,2023-03-30,2023-03-31,22.9103,22.29,324.0,-200.99,STOP
NVEI,2023-03-31,2023-04-03,43.3395,42.8707,405.0,-189.86,STOP
AI,2023-03-30,2023-04-04,26.782,26.2482,317.0,-169.23,STOP
ACCD,2023-03-31,2023-04-04,13.8862,13.6838,913.0,-184.8,STOP
DUOL,2023-03-21,2023-04-06,130.5537,136.5685,68.0,409.01,TRAIL
CMPR,2023-03-31,2023-04-06,44.0298,43.4205,29.0,-17.67,PARTIAL
CMPR,2023-03-31,2023-04-06,44.0298,43.4205,60.0,-36.56,STOP
BLPH,2023-04-03,2023-04-10,8.4438,10.4053,233.0,457.03,PARTIAL
LFST,2023-04-03,2023-04-10,7.4934,7.6665,607.0,105.12,PARTIAL
LFST,2023-04-03,2023-04-13,7.4934,7.49,1214.0,-4.09,STOP
ALDX,2023-04-10,2023-04-13,10.0345,9.7293,1308.0,-399.19,STOP
MARA,2023-04-10,2023-04-14,8.909,12.2645,225.0,754.98,PARTIAL
YMAB,2023-04-12,2023-04-18,6.2528,6.8869,441.0,279.63,PARTIAL
YMAB,2023-04-12,2023-04-18,6.2528,6.25,883.0,-2.48,STOP
BLPH,2023-04-03,2023-04-19,8.4438,9.7856,467.0,626.62,TRAIL
CDLX,2023-04-13,2023-04-19,67.7305,68.2693,23.0,12.39,PARTIAL
CDLX,2023-04-13,2023-04-19,67.7305,67.7,48.0,-1.46,STOP
CRBP,2023-04-14,2023-04-20,8.979,10.0955,249.0,277.99,PARTIAL
CRBP,2023-04-14,2023-04-20,8.979,8.975,498.0,-2.01,STOP
MARA,2023-04-10,2023-04-21,8.909,9.8656,452.0,432.36,TRAIL
CBAY,2023-04-17,2023-04-21,9.0941,10.3453,684.0,855.86,PARTIAL
INZY,2023-04-17,2023-04-21,6.2028,5.7374,293.0,-136.35,PARTIAL
INZY,2023-04-17,2023-04-21,6.2028,5.7374,587.0,-273.17,STOP
BUR,2023-04-20,2023-04-25,12.8758,12.6343,104.0,-25.11,STOP
HROW,2023-04-20,2023-04-26,24.0361,24.0492,174.0,2.27,PARTIAL
HROW,2023-04-20,2023-04-26,24.0361,24.0253,350.0,-3.79,STOP
TGTX,2023-04-25,2023-05-01,22.9203,25.4885,167.0,428.89,PARTIAL
BUR,2023-04-28,2023-05-02,13.256,12.9542,1086.0,-327.75,STOP
CBAY,2023-04-17,2023-05-03,9.0941,10.1254,1368.0,1410.89,TRAIL
HROW,2023-05-04,2023-05-08,26.3719,25.2186,739.0,-852.23,STOP
HIMS,2023-05-08,2023-05-09,12.3155,10.7702,1269.0,-1961.1,STOP
VIRI,2023-05-10,2023-05-11,26.5119,25.2386,201.0,-255.93,STOP
AVDL,2023-05-11,2023-05-12,15.7871,14.5235,629.0,-794.83,STOP
TGTX,2023-04-25,2023-05-15,22.9203,30.8861,334.0,2660.57,TRAIL
IMGN,2023-05-15,2023-05-16,14.0063,13.0941,1146.0,-1045.38,STOP
PTGX,2023-05-15,2023-05-16,26.0917,25.1887,561.0,-506.63,STOP
TNYA,2023-05-12,2023-05-16,7.7735,6.577,558.0,-667.62,STOP
INAB,2023-05-16,2023-05-22,77.735,98.9555,21.0,445.63,PARTIAL
INAB,2023-05-16,2023-05-23,77.735,77.7,42.0,-1.47,STOP
IMGN,2023-05-19,2023-05-24,14.3064,13.6638,618.0,-397.12,STOP
TNYA,2023-05-23,2023-05-24,7.9036,7.1968,773.0,-546.35,STOP
VIRI,2023-05-23,2023-05-30,30.5137,37.4831,63.0,439.07,PARTIAL
DDOG,2023-05-25,2023-06-01,94.8927,92.9582,74.0,-143.16,PARTIAL
DDOG,2023-05-25,2023-06-01,94.8927,92.9582,148.0,-286.31,STOP
LPRO,2023-05-26,2023-06-02,10.0495,10.5053,533.0,242.91,PARTIAL
VECT,2023-06-01,2023-06-02,16.6375,16.4926,1293.0,-187.37,STOP
ARLO,2023-06-02,2023-06-05,9.9045,9.5057,1483.0,-591.32,STOP
GSIT,2023-06-01,2023-06-07,7.3033,7.0068,130.0,-38.54,PARTIAL
GSIT,2023-06-01,2023-06-07,7.3033,7.0068,261.0,-77.37,STOP
GHL,2023-06-05,2023-06-07,14.8567,14.6434,1435.0,-306.05,TRAIL
UPST,2023-06-07,2023-06-08,32.0344,28.3772,186.0,-680.24,STOP
GSIT,2023-06-08,2023-06-09,8.0836,6.9829,567.0,-624.14,STOP
WLDS,2023-06-07,2023-06-12,1699.9647,1353.7106,1.0,-346.25,STOP
IONQ,2023-06-14,2023-06-15,11.3451,9.9255,609.0,-864.52,TRAIL
RXRX,2023-06-12,2023-06-15,9.6643,9.0459,751.0,-464.43,STOP
ETNB,2023-06-12,2023-06-16,20.8594,20.8806,267.0,5.66,PARTIAL
ETNB,2023-06-12,2023-06-16,20.8594,20.85,534.0,-5.01,STOP
RDFN,2023-06-16,2023-06-20,11.085,10.7252,1.0,-0.36,STOP
LPRO,2023-05-26,2023-06-20,10.0495,10.4553,1068.0,433.37,TRAIL
VYGR,2023-06-20,2023-06-21,13.6011,12.9092,910.0,-629.66,STOP
GSIT,2023-06-15,2023-06-21,8.2537,7.7165,661.0,-355.08,STOP
AMAM,2023-06-16,2023-06-23,15.2569,15.8928,6.0,3.82,PARTIAL
VIRI,2023-05-23,2023-06-23,30.5137,42.9807,126.0,1570.83,TRAIL
APLD,2023-06-21,2023-06-23,10.0745,8.7361,537.0,-718.76,STOP
QTRX,2023-06-20,2023-06-23,23.7657,22.3799,522.0,-723.37,STOP
AMAM,2023-06-16,2023-06-26,15.2569,15.25,14.0,-0.1,STOP
AMAM,2023-06-27,2023-06-28,16.4274,15.8929,674.0,-360.22,STOP
MDB,2023-06-28,2023-07-05,397.0185,405.9972,12.0,107.74,PARTIAL
VRM,2023-06-28,2023-07-05,115.652,126.3431,18.0,192.44,PARTIAL
APP,2023-07-05,2023-07-06,26.63,25.7784,532.0,-453.04,STOP
MDB,2023-06-28,2023-07-06,397.0185,396.8399,24.0,-4.29,STOP
NEXT,2023-07-07,2023-07-10,8.5138,8.1963,1505.0,-477.87,STOP
BIG,2023-07-05,2023-07-11,9.6243,10.0655,12.0,5.29,PARTIAL
RETA,2023-07-06,2023-07-12,104.8472,109.9505,54.0,275.58,PARTIAL
BIG,2023-07-05,2023-07-12,9.6243,9.62,24.0,-0.1,STOP
MGOL,2023-07-12,2023-07-13,29.5133,26.9879,133.0,-335.88,STOP
IDEX,2023-07-11,2023-07-14,11.9304,11.1825,626.0,-468.19,STOP
IONQ,2023-07-14,2023-07-17,15.0768,13.7538,535.0,-707.79,TRAIL
VRM,2023-06-28,2023-07-17,115.652,150.3323,38.0,1317.85,TRAIL
AGLE,2023-07-12,2023-07-18,13.8562,15.0282,106.0,124.23,PARTIAL
NKLA,2023-07-13,2023-07-19,45.9207,79.1644,37.0,1230.02,PARTIAL
NOTE,2023-07-18,2023-07-19,49.7024,48.2183,190.0,-281.97,STOP
VERA,2023-07-18,2023-07-19,17.5779,16.9824,715.0,-425.82,STOP
OSTK,2023-07-17,2023-07-21,32.8548,31.9056,106.0,-100.61,PARTIAL
OSTK,2023-07-17,2023-07-21,32.8548,31.9056,213.0,-202.17,STOP
ROOT,2023-07-19,2023-07-21,11.4851,11.125,473.0,-170.32,STOP
RETA,2023-07-06,2023-07-25,104.8472,109.8306,110.0,548.17,TRAIL
NKLA,2023-07-13,2023-07-26,45.9207,61.1725,76.0,1159.14,TRAIL
AGLE,2023-07-12,2023-07-26,13.8562,14.7409,213.0,188.43,TRAIL
CRBU,2023-07-31,2023-08-02,6.9519,6.8469,1265.0,-132.84,STOP
ELOX,2023-08-03,2023-08-08,79.6758,69.2688,60.0,-624.42,STOP
TNGX,2023-09-07,2023-09-08,7.5234,7.1268,739.0,-293.08,STOP
CDLX,2023-09-08,2023-09-14,179.8809,181.3184,17.0,24.44,PARTIAL
DLO,2023-09-14,2023-09-15,22.26,21.0605,657.0,-788.07,TRAIL
CDLX,2023-09-08,2023-09-18,179.8809,179.8,34.0,-2.75,STOP
IMVT,2023-10-17,2023-10-18,38.3473,37.0933,246.0,-308.47,STOP
SAVA,2023-11-20,2023-11-21,16.7933,15.8999,407.0,-363.58,STOP
METC,2023-12-05,2023-12-08,18.0417,16.936,415.0,-458.88,TRAIL
BHVN,2023-12-08,2023-12-11,34.2254,32.8752,579.0,-781.76,STOP
SWTX,2023-12-13,2023-12-19,33.5211,33.2051,75.0,-23.7,PARTIAL
SWTX,2023-12-13,2023-12-19,33.5211,33.2051,151.0,-47.72,STOP
MLTX,2023-12-14,2023-12-20,58.3963,59.2433,54.0,45.74,PARTIAL
MLTX,2023-12-14,2023-12-20,58.3963,58.37,110.0,-2.89,STOP
CERE,2023-12-19,2023-12-20,41.7688,41.3314,471.0,-206.01,STOP
HPP,2023-12-20,2023-12-21,64.3239,61.7122,159.0,-415.26,STOP
CLS,2023-12-22,2023-12-27,29.8234,29.5568,444.0,-118.38,STOP
RYTM,2023-12-26,2023-12-28,47.6442,46.9189,257.0,-186.42,STOP
HA,2023-12-22,2023-12-29,14.1464,14.6034,399.0,182.37,PARTIAL
SRRK,2023-12-28,2023-12-29,19.9165,19.2913,526.0,-328.83,STOP
AFRM,2023-12-27,2023-12-29,51.9033,49.7776,158.0,-335.87,STOP
HA,2023-12-22,2024-01-02,14.1464,14.0637,800.0,-66.16,STOP
FDMT,2024-01-03,2024-01-04,21.5597,20.1609,476.0,-665.82,TRAIL
STTK,2023-12-28,2024-01-04,7.5034,7.1168,230.0,-88.91,PARTIAL
STTK,2023-12-28,2024-01-04,7.5034,7.1168,461.0,-178.21,STOP
CCCC,2024-01-02,2024-01-08,6.4229,6.2572,185.0,-30.66,PARTIAL
CCCC,2024-01-02,2024-01-08,6.4229,6.2572,372.0,-61.64,STOP
ML,2024-01-08,2024-01-10,66.4999,61.2624,116.0,-607.55,STOP
ALT,2024-01-10,2024-01-11,12.5155,11.115,409.0,-572.82,STOP
CLRB,2024-01-22,2024-01-24,114.0513,105.8524,53.0,-434.54,STOP
APGE,2024-01-19,2024-01-25,33.7902,35.654,85.0,158.42,PARTIAL
GCT,2024-01-26,2024-01-29,24.1008,23.4895,235.0,-143.66,STOP
SILK,2024-01-29,2024-01-30,15.607,15.1082,822.0,-410.03,STOP
APGE,2024-01-19,2024-01-31,33.7902,34.0747,170.0,48.36,TRAIL
SMCI,2024-01-30,2024-02-05,54.7566,58.9615,67.0,281.72,PARTIAL
ACET,2024-02-06,2024-02-07,52.1547,49.5777,89.0,-229.35,STOP
MRSN,2024-02-05,2024-02-09,87.7895,105.9523,22.0,399.58,PARTIAL
TSVT,2024-02-09,2024-02-13,6.2028,5.5135,1020.0,-703.06,STOP
CBAY,2024-02-08,2024-02-14,24.6211,32.1355,186.0,1397.69,PARTIAL
FGEN,2024-02-08,2024-02-14,62.278,55.475,44.0,-299.33,TRAIL
VERA,2024-02-09,2024-02-15,39.6378,44.1101,85.0,380.15,PARTIAL
MRSN,2024-02-05,2024-02-20,87.7895,92.4584,46.0,214.77,TRAIL
TSVT,2024-02-20,2024-02-21,6.2528,5.7574,1153.0,-571.2,STOP
FATE,2024-02-15,2024-02-21,6.8881,6.5071,1176.0,-448.09,STOP
SMCI,2024-01-30,2024-02-22,54.7566,86.4601,136.0,4311.67,TRAIL
GHSI,2024-02-22,2024-02-23,8.6339,8.3462,1885.0,-542.2,STOP
CRBP,2024-02-21,2024-02-27,27.1522,28.6371,53.0,78.7,PARTIAL
CRBP,2024-02-21,2024-02-27,27.1522,27.14,106.0,-1.3,STOP
ARQT,2024-02-27,2024-02-28,10.5047,10.3154,696.0,-131.8,STOP
VERA,2024-02-09,2024-02-29,39.6378,48.888,172.0,1591.03,TRAIL
CBAY,2024-02-08,2024-03-01,24.6211,32.2155,372.0,2825.13,TRAIL
YMAB,2024-03-01,2024-03-04,20.4392,18.2418,648.0,-1423.92,STOP
GRRR,2024-02-29,2024-03-04,9.3672,8.5961,590.0,-454.94,STOP
GCT,2024-02-29,2024-03-05,36.2063,34.1046,162.0,-340.47,STOP
INBS,2024-03-01,2024-03-07,52.5236,52.9762,24.0,10.86,PARTIAL
OCUL,2024-03-01,2024-03-07,10.5546,10.8351,333.0,93.4,PARTIAL
INBS,2024-03-01,2024-03-07,52.5236,52.5,49.0,-1.16,STOP
OCUL,2024-03-01,2024-03-07,10.5546,10.5499,666.0,-3.16,STOP
ALPN,2024-03-04,2024-03-08,36.7165,37.5031,132.0,103.83,PARTIAL
MAX,2024-03-07,2024-03-08,22.3901,19.4812,574.0,-1669.68,STOP
ALPN,2024-03-04,2024-03-08,36.7165,36.7,264.0,-4.36,STOP
MRSN,2024-03-11,2024-03-12,154.6946,138.9375,45.0,-709.07,STOP
TRML,2024-03-12,2024-03-14,43.7497,41.1715,223.0,-574.94,STOP
AQST,2024-03-15,2024-03-19,5.7526,5.3476,908.0,-367.74,STOP
ROOT,2024-03-15,2024-03-20,48.4018,43.4804,77.0,-378.94,TRAIL
ATXS,2024-03-15,2024-03-20,15.457,14.6134,563.0,-474.91,STOP
IBRX,2024-03-20,2024-03-25,5.5525,5.4825,1151.0,-80.53,STOP
MTC,2024-03-21,2024-03-26,18.0081,15.1932,236.0,-664.33,TRAIL
MRVI,2024-03-22,2024-03-28,8.3137,8.6361,498.0,160.54,PARTIAL
DXPE,2024-03-28,2024-04-01,54.3369,53.4459,294.0,-261.95,STOP
XPOF,2024-03-26,2024-04-02,15.8471,15.8829,238.0,8.5,PARTIAL
HEAR,2024-04-01,2024-04-02,18.1053,16.7225,10.0,-13.83,TRAIL
XPOF,2024-03-26,2024-04-02,15.8471,15.84,477.0,-3.4,STOP
ROOT,2024-03-28,2024-04-02,60.6073,55.575,91.0,-457.94,STOP
MRVI,2024-03-22,2024-04-02,8.3137,8.31,996.0,-3.73,STOP
HRTG,2024-04-01,2024-04-02,11.075,10.6452,532.0,-228.64,STOP
PHGE,2024-03-28,2024-04-03,77.9351,66.4701,51.0,-584.71,STOP
ELEV,2024-04-03,2024-04-04,5.3913,4.9728,1233.0,-516.09,STOP
PACK,2024-04-04,2024-04-05,8.2737,7.7065,1027.0,-582.51,TRAIL
VERI,2024-04-04,2024-04-05,6.9931,6.4971,346.0,-171.64,STOP
DTSS,2024-04-02,2024-04-05,8.7739,8.1363,524.0,-334.11,STOP
SMR,2024-04-04,2024-04-05,6.4929,6.0373,473.0,-215.52,STOP
NN,2024-04-03,2024-04-09,7.14,7.8465,346.0,244.43,PARTIAL
DXPE,2024-04-04,2024-04-10,54.9047,55.1752,111.0,30.02,PARTIAL
IBRX,2024-04-09,2024-04-10,6.2328,5.9673,968.0,-256.99,STOP
DXPE,2024-04-04,2024-04-10,54.9047,54.88,223.0,-5.51,STOP
NN,2024-04-03,2024-04-11,7.14,7.1368,694.0,-2.23,STOP
WGS,2024-05-13,2024-05-17,21.7198,23.8393,83.0,175.92,PARTIAL
TMDX,2024-05-14,2024-05-20,133.0198,137.9379,31.0,152.46,PARTIAL
WGS,2024-05-13,2024-05-20,21.7198,21.5903,168.0,-21.75,STOP
CADL,2024-05-15,2024-05-21,10.8849,12.1245,145.0,179.75,PARTIAL
CADL,2024-05-15,2024-05-22,10.8849,10.88,290.0,-1.42,STOP
OSCR,2024-05-21,2024-05-23,23.3505,22.4099,487.0,-458.07,TRAIL
SMTC,2024-05-21,2024-05-23,41.3786,39.4822,396.0,-750.97,STOP
INOD,2024-05-22,2024-05-29,12.8058,12.5044,2.0,-0.6,STOP
CDNA,2024-05-23,2024-05-29,16.1573,15.0032,532.0,-613.94,STOP
TMDX,2024-05-14,2024-05-31,133.0198,138.9475,63.0,373.44,TRAIL
ASPN,2024-05-24,2024-05-31,27.9226,29.4867,185.0,289.37,PARTIAL
BLBD,2024-05-30,2024-05-31,56.4354,55.1852,321.0,-401.32,STOP
HUMA,2024-05-29,2024-05-31,7.7835,7.3917,1013.0,-396.92,STOP
GSUN,2024-05-31,2024-06-06,6.5229,8.4862,230.0,451.55,PARTIAL
IREN,2024-06-03,2024-06-07,8.2487,10.2454,263.0,525.13,PARTIAL
INSM,2024-06-06,2024-06-07,58.8465,56.4846,182.0,-429.87,STOP
ASTS,2024-06-05,2024-06-10,9.4042,8.3851,401.0,-408.66,STOP
ASPN,2024-05-24,2024-06-12,27.9226,30.6162,370.0,996.65,TRAIL
GSUN,2024-05-31,2024-06-12,6.5229,6.737,460.0,98.46,TRAIL
HROW,2024-06-12,2024-06-13,18.6784,18.0819,640.0,-381.79,STOP
ASTS,2024-06-11,2024-06-17,9.6043,10.3254,165.0,118.97,PARTIAL
AMSC,2024-06-12,2024-06-18,23.1804,24.7988,166.0,268.66,PARTIAL
DOGZ,2024-06-14,2024-06-21,17.5079,17.882,88.0,32.92,PARTIAL
DOGZ,2024-06-14,2024-06-21,17.5079,17.5,178.0,-1.4,STOP
ASTS,2024-06-11,2024-06-24,9.6043,10.4853,331.0,291.6,TRAIL
AMSC,2024-06-12,2024-06-24,23.1804,23.17,333.0,-3.47,STOP
SMR,2024-06-18,2024-06-25,9.2141,9.9755,200.0,152.27,PARTIAL
IREN,2024-06-03,2024-06-25,8.2487,12.9942,528.0,2505.59,TRAIL
DOGZ,2024-06-24,2024-06-28,18.3583,18.4117,85.0,4.54,PARTIAL
DOGZ,2024-06-24,2024-06-28,18.3583,18.35,172.0,-1.42,STOP
TPC,2024-06-28,2024-07-01,22.2503,21.6802,869.0,-495.39,STOP
AMC,2024-07-02,2024-07-03,5.1823,4.9978,1341.0,-247.52,STOP
CLEU,2024-07-02,2024-07-05,3683.0168,3322.5044,1.0,-360.51,STOP
FIP,2024-07-02,2024-07-09,9.004,9.2558,451.0,113.6,PARTIAL
TMDX,2024-07-08,2024-07-09,154.2094,148.5431,107.0,-606.29,STOP
XPOF,2024-07-08,2024-07-09,16.5675,15.9328,575.0,-364.91,STOP
FIP,2024-07-02,2024-07-10,9.004,8.9999,902.0,-3.65,STOP
GRND,2024-07-09,2024-07-10,12.4236,12.0646,563.0,-202.13,STOP
NVDA,2024-07-08,2024-07-12,130.6888,128.2023,26.0,-64.65,PARTIAL
NVDA,2024-07-08,2024-07-12,130.6888,128.2023,54.0,-134.27,STOP
MIRM,2024-07-08,2024-07-12,35.4559,37.783,129.0,300.19,PARTIAL
LGVN,2024-07-09,2024-07-15,22.21,44.5799,3.0,67.11,PARTIAL
SMCI,2024-07-15,2024-07-16,94.0423,88.1603,113.0,-664.66,STOP
GME,2024-07-12,2024-07-18,26.702,27.9674,94.0,118.95,PARTIAL
GME,2024-07-12,2024-07-18,26.702,26.69,189.0,-2.27,STOP
SMR,2024-06-18,2024-07-19,9.2141,12.5543,402.0,1342.76,TRAIL
MIRM,2024-07-08,2024-07-19,35.4559,37.4431,258.0,512.7,TRAIL
LGVN,2024-07-09,2024-07-19,22.21,31.2859,6.0,54.46,TRAIL
MORF,2024-07-16,2024-07-22,56.0152,56.5645,115.0,63.17,PARTIAL
RGS,2024-07-19,2024-07-25,23.8107,32.3055,78.0,662.59,PARTIAL
NOVA,2024-07-22,2024-07-26,7.8635,7.7865,366.0,-28.2,PARTIAL
NOVA,2024-07-22,2024-07-26,7.8635,7.7865,732.0,-56.4,STOP
RGS,2024-07-19,2024-07-31,23.8107,25.7584,158.0,307.74,TRAIL
INSM,2024-08-22,2024-08-26,78.5353,76.4756,199.0,-409.89,STOP
LUMN,2024-08-23,2024-08-26,6.4229,6.0673,933.0,-331.79,STOP
PIRS,2024-08-21,2024-08-27,17.698,18.1618,151.0,70.04,PARTIAL
ADMA,2024-08-26,2024-08-27,18.4583,17.3722,109.0,-118.39,TRAIL
GTHX,2024-08-23,2024-08-27,7.1232,7.0968,127.0,-3.35,STOP
PIRS,2024-08-21,2024-08-28,17.698,17.5821,304.0,-35.23,STOP
INOD,2024-08-27,2024-08-28,19.5588,18.3585,424.0,-508.91,STOP
ANAB,2024-09-03,2024-09-04,38.3473,35.7439,394.0,-1025.72,TRAIL
PHAT,2024-09-05,2024-09-10,17.2578,16.9424,545.0,-171.89,STOP
VOXX,2024-09-16,2024-09-18,6.3529,5.9373,1113.0,-462.49,STOP
APLD,2024-09-18,2024-09-19,6.603,5.7424,856.0,-736.64,STOP
CRGX,2024-09-17,2024-09-23,23.2104,23.6294,148.0,62.0,PARTIAL
CRGX,2024-09-17,2024-09-23,23.2104,23.2,296.0,-3.09,STOP
TEM,2024-09-23,2024-09-24,55.685,52.4764,104.0,-333.7,STOP
CAVA,2024-09-19,2024-09-25,127.0572,127.9424,36.0,31.87,PARTIAL
FTCI,2024-09-24,2024-09-25,5.8726,5.2976,688.0,-395.62,STOP
CAVA,2024-09-19,2024-09-25,127.0572,127.0,73.0,-4.17,STOP
AAOI,2024-09-24,2024-09-27,14.9967,14.2936,511.0,-359.33,STOP
NNE,2024-09-27,2024-09-30,16.3273,14.2936,56.0,-113.89,STOP
UNIT,2024-09-27,2024-10-01,5.5425,5.4725,2423.0,-169.51,STOP
APLT,2024-09-30,2024-10-01,8.8731,8.1463,860.0,-625.01,STOP
ADMA,2024-09-30,2024-10-02,20.1691,19.2628,689.0,-624.4,STOP
SDHC,2024-10-04,2024-10-07,38.7174,36.9835,346.0,-599.95,STOP
KRNT,2024-10-04,2024-10-07,26.577,25.8284,89.0,-66.62,STOP
CRMD,2024-10-02,2024-10-08,8.4338,9.2958,431.0,371.53,PARTIAL
AGX,2024-10-02,2024-10-08,103.0464,109.5707,47.0,306.64,PARTIAL
CMP,2024-10-07,2024-10-08,12.6557,11.7947,1.0,-0.86,STOP
APP,2024-10-03,2024-10-09,133.1099,142.8957,36.0,352.29,PARTIAL
IEP,2024-10-11,2024-10-17,14.2664,14.6434,334.0,125.91,PARTIAL
APP,2024-10-03,2024-10-18,133.1099,144.0851,72.0,790.22,TRAIL
EBS,2024-10-21,2024-10-23,9.8704,9.0259,768.0,-648.58,STOP
AGX,2024-10-02,2024-10-24,103.0464,122.095,96.0,1828.67,TRAIL
BVS,2024-10-23,2024-10-29,13.0779,12.9942,114.0,-9.55,PARTIAL
BVS,2024-10-23,2024-10-29,13.0779,12.9942,228.0,-19.09,STOP
IEP,2024-10-11,2024-10-29,14.2664,14.26,668.0,-4.29,STOP
CRMD,2024-10-02,2024-10-31,8.4338,9.9855,864.0,1340.68,TRAIL
LBPH,2024-10-23,2024-11-04,59.4968,59.47,2.0,-0.05,STOP
AMLX,2024-11-01,2024-11-07,5.6625,5.9973,319.0,106.79,PARTIAL
NXL,2024-11-01,2024-11-07,87.0362,89.9595,11.0,32.16,PARTIAL
DRUG,2024-11-05,2024-11-07,54.9546,50.4773,79.0,-353.71,STOP
NXL,2024-11-01,2024-11-07,87.0362,86.997,22.0,-0.86,STOP
KSCP,2024-11-07,2024-11-13,19.6088,20.8806,322.0,409.51,TRAIL
AMLX,2024-11-01,2024-11-13,5.6625,5.66,638.0,-1.63,STOP
MNPR,2024-11-13,2024-11-14,18.2082,16.8218,277.0,-384.02,STOP
GLYC,2024-11-18,2024-11-19,44.51,40.6817,104.0,-398.15,STOP
CDXC,2024-11-19,2024-11-22,7.5834,7.0868,952.0,-472.76,STOP
FNA,2024-11-21,2024-11-22,10.6828,10.1654,857.0,-443.4,STOP
MNPR,2024-11-20,2024-11-26,19.7089,18.8515,94.0,-80.59,PARTIAL
MNPR,2024-11-20,2024-11-26,19.7089,18.8515,189.0,-162.04,STOP
HNRG,2024-11-25,2024-11-26,13.5661,12.5344,833.0,-859.44,STOP
AUR,2024-12-02,2024-12-03,6.718,6.0173,1009.0,-707.04,TRAIL
CAPR,2024-12-03,2024-12-04,20.219,16.3426,423.0,-1639.7,TRAIL
CDXC,2024-11-27,2024-12-04,7.8535,7.5766,316.0,-87.51,PARTIAL
CDXC,2024-11-27,2024-12-04,7.8535,7.5766,633.0,-175.31,STOP
ALGS,2024-11-29,2024-12-05,24.8484,25.7784,44.0,40.92,PARTIAL
PLTR,2024-12-02,2024-12-06,67.9105,72.9172,60.0,300.4,PARTIAL
WGS,2024-12-06,2024-12-09,82.8373,76.3356,79.0,-513.63,TRAIL
PSTX,2024-12-04,2024-12-10,9.4242,9.4158,623.0,-5.28,PARTIAL
PSTX,2024-12-04,2024-12-10,9.4242,9.4158,1247.0,-10.57,STOP
IONQ,2024-12-05,2024-12-10,37.2968,32.6353,108.0,-503.44,STOP
PRCH,2024-12-16,2024-12-17,5.7026,5.2326,1067.0,-501.41,STOP
SMLR,2024-12-12,2024-12-18,69.7014,73.5169,21.0,80.13,PARTIAL
BKKT,2024-12-13,2024-12-18,29.3532,27.2877,123.0,-254.06,STOP
SMLR,2024-12-12,2024-12-18,69.7014,69.67,43.0,-1.35,STOP
PLTR,2024-12-02,2024-12-19,67.9105,73.9567,120.0,725.54,TRAIL
QMCO,2024-12-17,2024-12-23,29.1831,51.047,23.0,502.87,PARTIAL
UMAC,2024-12-23,2024-12-30,13.7562,16.5326,67.0,186.02,PARTIAL
JYD,2024-12-23,2024-12-30,117.5479,136.9384,8.0,155.12,PARTIAL
QBTS,2024-12-27,2024-12-30,10.5047,9.1059,216.0,-302.15,STOP
QURE,2024-12-31,2025-01-06,18.1282,17.3522,545.0,-422.9,STOP
QMCO,2024-12-17,2025-01-07,29.1831,51.3269,48.0,1062.9,TRAIL
JYD,2024-12-23,2025-01-07,117.5479,120.4458,16.0,46.37,TRAIL
ALGS,2024-11-29,2025-01-08,24.8484,40.1119,90.0,1373.72,TRAIL
UMAC,2024-12-23,2025-01-08,13.7562,13.9437,134.0,25.13,TRAIL
FUBO,2025-01-30,2025-01-31,51.6232,47.3787,95.0,-403.23,STOP
FNA,2025-01-28,2025-02-03,11.8853,13.0041,498.0,557.16,PARTIAL
NVNI,2025-02-04,2025-02-05,74.5335,55.475,25.0,-476.46,STOP
VATE,2025-02-06,2025-02-07,12.4856,12.1845,465.0,-140.01,STOP
NET,2025-02-14,2025-02-18,176.8045,166.3701,91.0,-949.53,STOP
GRAL,2025-02-12,2025-02-19,35.686,47.8475,51.0,620.24,PARTIAL
AFRM,2025-02-14,2025-02-19,79.8219,78.0249,54.0,-97.04,STOP
VATE,2025-02-13,2025-02-19,13.2828,12.3145,435.0,-421.22,STOP
FNA,2025-01-28,2025-02-20,11.8853,13.0241,997.0,1135.37,TRAIL
FSI,2025-02-14,2025-02-21,6.703,6.5171,341.0,-63.41,PARTIAL
FSI,2025-02-14,2025-02-21,6.703,6.5171,682.0,-126.82,STOP
GRAL,2025-02-12,2025-02-24,35.686,38.9725,104.0,341.8,TRAIL
KROS,2025-05-02,2025-05-05,14.6966,14.5035,110.0,-21.25,STOP
MLYS,2025-04-30,2025-05-06,14.4365,15.473,157.0,162.74,PARTIAL
SLNO,2025-05-05,2025-05-06,76.5895,73.9967,4.0,-10.37,STOP
STOK,2025-05-01,2025-05-06,9.9104,9.3658,1.0,-0.54,STOP
MLYS,2025-04-30,2025-05-06,14.4365,14.43,315.0,-2.05,STOP
BKD,2025-05-01,2025-05-07,6.623,6.4971,696.0,-87.63,PARTIAL
BKD,2025-05-01,2025-05-07,6.623,6.4971,1394.0,-175.51,STOP
SGHC,2025-05-01,2025-05-07,8.1837,8.796,518.0,317.2,PARTIAL
SAND,2025-05-06,2025-05-07,8.7289,8.5811,5.0,-0.74,STOP
AEVA,2025-05-05,2025-05-09,7.7635,10.2654,270.0,675.51,PARTIAL
ORGO,2025-05-08,2025-05-09,5.5075,4.548,1685.0,-1616.8,STOP
SGHC,2025-05-01,2025-05-09,8.1837,8.18,1036.0,-3.81,STOP
ARMN,2025-05-06,2025-05-12,5.6025,5.8674,101.0,26.75,PARTIAL
ARMN,2025-05-06,2025-05-12,5.6025,5.6,203.0,-0.51,STOP
HNRG,2025-05-07,2025-05-13,15.2268,16.2177,224.0,221.95,PARTIAL
OST,2025-05-07,2025-05-13,84.7881,118.1968,23.0,768.4,PARTIAL
IPI,2025-05-12,2025-05-13,38.8875,36.0638,399.0,-1126.67,STOP
TDUP,2025-05-20,2025-05-21,7.1932,7.0168,1210.0,-213.44,STOP
AEVA,2025-05-05,2025-05-22,7.7635,14.1736,541.0,3467.88,TRAIL
HNRG,2025-05-07,2025-05-23,15.2268,15.0332,449.0,-86.93,STOP
RGLS,2025-05-20,2025-05-27,7.9236,7.9564,827.0,27.17,PARTIAL
CEP,2025-05-20,2025-05-27,38.5673,48.1583,29.0,278.14,PARTIAL
RGLS,2025-05-20,2025-05-27,7.9236,7.92,1655.0,-5.9,STOP
CEP,2025-05-20,2025-05-27,38.5673,38.55,60.0,-1.04,STOP
MLYS,2025-05-27,2025-05-28,16.7876,15.7529,761.0,-787.36,STOP
PPTA,2025-05-27,2025-05-29,14.1063,13.5939,178.0,-91.22,STOP
GRPN,2025-05-23,2025-05-30,26.9071,28.4072,211.0,316.52,PARTIAL
QURE,2025-05-29,2025-05-30,16.0072,14.7634,620.0,-771.18,STOP
RGC,2025-05-23,2025-05-30,14.4802,20.7662,45.0,282.87,PARTIAL
FULC,2025-05-29,2025-05-30,7.1132,6.9769,752.0,-102.53,STOP
PPTA,2025-06-02,2025-06-06,14.4565,17.2222,265.0,732.92,PARTIAL
RGC,2025-05-23,2025-06-06,14.4802,17.0976,91.0,238.18,TRAIL
AEVA,2025-06-03,2025-06-09,18.7305,21.4503,112.0,304.62,PARTIAL
PPTA,2025-06-02,2025-06-12,14.4565,13.5739,532.0,-469.55,STOP
BTM,2025-06-17,2025-06-18,46.606,40.5118,127.0,-773.96,STOP
LASR,2025-06-16,2025-06-20,18.4983,17.9719,699.0,-367.96,STOP
PGY,2025-06-20,2025-06-23,19.1686,18.1218,360.0,-376.84,STOP
GRAL,2025-06-18,2025-06-24,44.39,44.3001,206.0,-18.52,TRAIL
ORIC,2025-06-24,2025-06-25,10.6348,10.3154,446.0,-142.46,STOP
BSGM,2025-06-24,2025-06-25,7.9636,7.4086,469.0,-260.3,STOP
PTHL,2025-06-20,2025-06-25,19.0586,17.2431,396.0,-718.91,STOP
OST,2025-05-07,2025-06-26,84.7881,84.75,46.0,-1.75,STOP
GRPN,2025-05-23,2025-06-27,26.9071,34.0347,422.0,3007.84,TRAIL
MFI,2025-06-23,2025-06-27,35.9362,44.7798,28.0,247.62,PARTIAL
AEVA,2025-06-03,2025-07-02,18.7305,28.4472,224.0,2176.53,TRAIL
BURU,2025-06-27,2025-07-03,93.8542,78.627,14.0,-213.18,PARTIAL
BURU,2025-06-27,2025-07-03,93.8542,78.627,28.0,-426.36,STOP
MFI,2025-06-23,2025-07-07,35.9362,40.7816,56.0,271.35,TRAIL
TNGX,2025-07-02,2025-07-07,5.6325,5.4426,928.0,-176.3,STOP
CRDO,2025-07-09,2025-07-10,96.0432,94.4675,121.0,-190.66,STOP
NEGG,2025-07-08,2025-07-14,17.7451,47.4986,93.0,2767.08,PARTIAL
NEON,2025-07-16,2025-07-17,28.0926,25.9383,262.0,-564.43,STOP
NEGG,2025-07-08,2025-07-22,17.7451,26.9879,187.0,1728.4,TRAIL
CYCC,2025-07-24,2025-07-28,19.2587,15.1932,87.0,-353.7,STOP
MP,2025-07-29,2025-07-30,65.0793,60.053,149.0,-748.92,TRAIL
VOR,2025-07-29,2025-07-30,53.0239,45.7794,64.0,-463.65,STOP
RAY,2025-08-07,2025-08-08,45.6205,43.5004,179.0,-379.5,STOP
NEGG,2025-08-08,2025-08-14,69.5312,109.9505,16.0,646.71,PARTIAL
CELC,2025-08-08,2025-08-14,46.4409,50.8671,63.0,278.85,PARTIAL
ALDX,2025-08-11,2025-08-15,5.3724,5.3076,693.0,-44.91,PARTIAL
ALDX,2025-08-11,2025-08-15,5.3724,5.3076,1388.0,-89.95,STOP
RAY,2025-08-18,2025-08-19,47.8615,45.0997,175.0,-483.32,STOP
FTRE,2025-08-15,2025-08-19,7.9836,7.8565,752.0,-95.6,STOP
CELC,2025-08-08,2025-08-21,46.4409,48.2283,128.0,228.79,TRAIL
NNNN,2025-08-18,2025-08-21,53.1489,49.4777,143.0,-524.98,STOP
ATEC,2025-08-21,2025-08-25,16.0222,15.633,1253.0,-487.72,STOP
NEGG,2025-08-08,2025-08-26,69.5312,79.6641,32.0,324.25,TRAIL
TLS,2025-08-20,2025-08-26,5.8426,6.2272,618.0,237.66,PARTIAL
TLS,2025-08-20,2025-08-26,5.8426,5.84,1237.0,-3.25,STOP
CRML,2025-08-22,2025-08-26,6.3429,5.7074,880.0,-559.17,STOP
TDUP,2025-08-21,2025-08-27,10.9249,11.6148,362.0,249.73,PARTIAL
VSAT,2025-08-22,2025-08-28,28.1227,32.9852,103.0,500.84,PARTIAL
XERS,2025-08-22,2025-08-28,7.7935,7.9964,30.0,6.09,PARTIAL
TDUP,2025-08-21,2025-08-28,10.9249,10.92,726.0,-3.57,STOP
APLD,2025-08-28,2025-08-29,17.0077,16.4526,593.0,-329.15,STOP
XERS,2025-08-22,2025-08-29,7.7935,7.79,61.0,-0.21,STOP
CTEV,2025-08-28,2025-08-29,73.1429,71.038,196.0,-412.56,STOP
IDR,2025-08-28,2025-09-02,27.4523,27.1578,327.0,-96.33,STOP
VSAT,2025-08-22,2025-09-04,28.1227,29.4867,206.0,281.0,TRAIL
URGN,2025-09-02,2025-09-04,20.1191,18.8115,582.0,-760.98,STOP
BBBY,2025-09-05,2025-09-11,8.8949,9.2685,161.0,60.15,PARTIAL
ONMD,2025-09-11,2025-09-15,9.1901,8.4462,789.0,-586.97,TRAIL
BBBY,2025-09-05,2025-09-16,8.8949,8.8909,323.0,-1.29,STOP
VSME,2025-09-11,2025-09-17,55.625,56.5745,33.0,31.33,PARTIAL
PGY,2025-09-12,2025-09-18,39.5678,42.4909,74.0,216.31,PARTIAL
VSME,2025-09-11,2025-09-18,55.625,55.6,68.0,-1.7,STOP
CRDO,2025-09-18,2025-09-19,173.1779,170.6232,73.0,-186.49,STOP
OPEN,2025-09-17,2025-09-22,10.3595,8.4785,413.0,-776.84,STOP
AMLX,2025-09-17,2025-09-23,12.2555,13.372,311.0,347.22,PARTIAL
NKTR,2025-09-17,2025-09-23,50.5518,59.0734,54.0,460.16,PARTIAL
PGY,2025-09-12,2025-09-23,39.5678,39.55,148.0,-2.63,STOP
TLS,2025-09-22,2025-09-26,7.0632,7.1168,490.0,26.27,PARTIAL
TLS,2025-09-22,2025-09-26,7.0632,7.06,982.0,-3.12,STOP
VSME,2025-09-24,2025-09-26,59.0266,57.774,95.0,-118.99,STOP
SMTK,2025-09-24,2025-09-29,90.0405,77.855,44.0,-536.16,STOP
MAZE,2025-09-24,2025-09-29,25.5115,24.9588,257.0,-142.05,STOP
MLYS,2025-09-29,2025-09-30,40.3482,38.8725,283.0,-417.61,STOP
AMLX,2025-09-17,2025-10-01,12.2555,13.384,623.0,703.03,TRAIL
NKTR,2025-09-17,2025-10-01,50.5518,57.3042,109.0,736.01,TRAIL
RAPP,2025-09-30,2025-10-02,28.5293,27.2377,201.0,-259.61,STOP
NVFY,2025-09-29,2025-10-03,5.3924,5.4575,700.0,45.58,PARTIAL
NVFY,2025-09-29,2025-10-03,5.3924,5.39,1401.0,-3.4,STOP
NKTR,2025-10-02,2025-10-03,61.1775,58.1469,178.0,-539.45,STOP
IREN,2025-10-03,2025-10-09,49.4121,62.4619,57.0,743.84,PARTIAL
LPTH,2025-10-06,2025-10-10,8.4338,9.7056,308.0,391.73,PARTIAL
LPTH,2025-10-06,2025-10-10,8.4338,8.43,616.0,-2.34,STOP
WOLF,2025-10-09,2025-10-10,34.2953,32.7852,71.0,-107.22,STOP
MENS,2025-10-13,2025-10-14,59.6368,53.4459,73.0,-451.93,STOP
OKLO,2025-10-10,2025-10-16,147.2462,174.7713,15.0,412.88,PARTIAL
EPSM,2025-10-10,2025-10-16,39.7379,34.4845,21.0,-110.32,PARTIAL
EPSM,2025-10-10,2025-10-16,39.7379,34.4845,43.0,-225.9,STOP
QURE,2025-10-16,2025-10-17,65.1493,59.3633,114.0,-659.61,STOP
IREN,2025-10-03,2025-10-20,49.4121,63.5814,116.0,1643.63,TRAIL
OKLO,2025-10-10,2025-10-21,147.2462,147.18,32.0,-2.12,STOP
BETR,2025-10-20,2025-10-22,66.5289,64.1811,49.0,-115.04,STOP
MENS,2025-10-20,2025-10-24,60.8274,60.9726,33.0,4.79,PARTIAL
MENS,2025-10-20,2025-10-24,60.8274,60.8,67.0,-1.83,STOP
ATXS,2025-10-21,2025-10-27,12.1755,12.5843,542.0,221.6,PARTIAL
ANRO,2025-10-27,2025-10-31,12.1955,14.3036,106.0,223.46,PARTIAL
KOD,2025-10-30,2025-10-31,20.1421,18.2918,406.0,-751.22,STOP
ANRO,2025-10-27,2025-11-03,12.1955,12.19,213.0,-1.17,STOP
HUT,2025-11-03,2025-11-04,54.8647,50.3673,108.0,-485.71,STOP
ATXS,2025-10-21,2025-11-04,12.1755,12.1145,1084.0,-66.05,TRAIL
SEV,2025-11-11,2025-11-12,8.6439,7.997,560.0,-362.26,STOP
VTYX,2025-11-10,2025-11-14,9.5043,9.2159,191.0,-55.09,PARTIAL
VTYX,2025-11-10,2025-11-14,9.5043,9.2159,383.0,-110.47,STOP
TERN,2025-11-10,2025-11-14,18.7584,20.5008,134.0,233.47,PARTIAL
AXGN,2025-11-11,2025-11-14,24.2609,23.4894,731.0,-563.96,STOP
TERN,2025-11-10,2025-12-03,18.7584,25.9083,268.0,1916.17,TRAIL
NVA,2025-12-04,2025-12-08,10.2546,8.871,440.0,-608.79,STOP
GLUE,2025-12-03,2025-12-09,16.6675,17.682,199.0,201.89,PARTIAL
RHLD,2025-12-03,2025-12-09,188.0846,200.5597,18.0,224.55,PARTIAL
NUVB,2025-12-03,2025-12-09,8.2437,8.5162,289.0,78.74,PARTIAL
GSAT,2025-12-03,2025-12-09,63.2184,67.4696,1.0,4.25,PARTIAL
NUVB,2025-12-03,2025-12-09,8.2437,8.24,580.0,-2.15,STOP
KOD,2025-12-04,2025-12-10,23.6406,25.1387,110.0,164.79,PARTIAL
GLUE,2025-12-03,2025-12-11,16.6675,16.66,400.0,-3.0,STOP
WULF,2025-12-10,2025-12-11,16.1373,15.1732,404.0,-389.49,STOP
KOD,2025-12-04,2025-12-12,23.6406,23.63,220.0,-2.34,STOP
FLNC,2025-12-11,2025-12-12,24.8012,22.24,268.0,-686.39,STOP
IMNM,2025-12-11,2025-12-12,20.4692,19.2563,500.0,-606.44,STOP
RHLD,2025-12-03,2025-12-16,188.0846,196.7314,38.0,328.58,TRAIL
GSAT,2025-12-03,2025-12-16,63.2184,63.19,2.0,-0.06,STOP
PRAX,2025-12-15,2025-12-16,278.5652,270.4283,28.0,-227.83,STOP
ANAB,2025-12-29,2025-12-30,51.4531,49.9725,336.0,-497.5,STOP
REAL,2025-12-24,2025-12-31,16.0872,16.0328,270.0,-14.7,PARTIAL
REAL,2025-12-24,2025-12-31,16.0872,16.0328,540.0,-29.41,STOP
VICR,2025-12-30,2025-12-31,112.3605,111.4998,133.0,-114.48,STOP
SNBR,2026-01-02,2026-01-05,8.954,8.4862,199.0,-93.1,STOP
CIEN,2026-01-02,2026-01-05,243.1094,237.5131,59.0,-330.18,STOP
AFJK,2025-12-30,2026-01-06,82.0368,75.466,6.0,-39.42,PARTIAL
AFJK,2025-12-30,2026-01-06,82.0368,75.466,13.0,-85.42,STOP
VELO,2026-01-02,2026-01-08,16.2973,18.4617,63.0,136.35,PARTIAL
SGML,2026-01-05,2026-01-08,14.6366,13.5939,471.0,-491.11,STOP
VELO,2026-01-02,2026-01-15,16.2973,18.0419,127.0,221.56,TRAIL
FBRX,2026-01-27,2026-01-28,35.476,31.8856,152.0,-545.73,STOP
ERAS,2026-01-28,2026-02-03,10.6948,10.9201,155.0,34.92,PARTIAL
SNDK,2026-01-28,2026-02-03,509.7286,693.7477,4.0,736.08,PARTIAL
OPTX,2026-01-28,2026-02-03,5.9426,6.8369,169.0,151.14,PARTIAL
ERAS,2026-01-28,2026-02-03,10.6948,10.69,312.0,-1.5,STOP
RAPT,2026-01-30,2026-02-04,57.731,57.5991,328.0,-43.26,STOP
SNBR,2026-02-03,2026-02-05,11.9454,11.045,535.0,-481.68,STOP
CGTL,2026-02-03,2026-02-09,70.9819,67.4696,8.0,-28.1,PARTIAL
CGTL,2026-02-03,2026-02-09,70.9819,67.4696,17.0,-59.71,STOP
SNDK,2026-01-28,2026-02-11,509.7286,578.2397,9.0,616.6,TRAIL
OPTX,2026-01-28,2026-02-11,5.9426,7.1368,339.0,404.84,TRAIL
BKSY,2026-04-14,2026-04-15,36.3664,32.2355,189.0,-780.73,STOP
KOD,2026-04-13,2026-04-16,45.6205,41.3014,152.0,-656.51,TRAIL
LWLG,2026-04-10,2026-04-16,9.0341,11.9946,179.0,529.94,PARTIAL
BW,2026-04-14,2026-04-17,18.5083,17.6521,453.0,-387.89,STOP
AGX,2026-04-17,2026-04-20,619.1467,590.1843,26.0,-753.02,STOP
TH,2026-04-20,2026-04-21,15.1068,14.7334,1010.0,-377.16,STOP
CAPR,2026-04-20,2026-04-21,36.0062,33.8847,123.0,-260.94,STOP
ELVN,2026-04-17,2026-04-21,46.3308,45.5045,206.0,-170.22,STOP
TER,2026-04-17,2026-04-23,375.9091,389.5646,5.0,68.28,PARTIAL
PAYS,2026-04-17,2026-04-23,6.0927,6.3471,2.0,0.51,PARTIAL
SATL,2026-04-22,2026-04-23,8.0235,6.9369,517.0,-561.79,STOP
PAYS,2026-04-17,2026-04-23,6.0927,6.09,4.0,-0.01,STOP
LWLG,2026-04-10,2026-04-27,9.0341,12.4324,359.0,1220.0,TRAIL
SNDK,2026-04-22,2026-04-28,965.4343,1027.1376,3.0,185.11,PARTIAL
TER,2026-04-17,2026-04-28,375.9091,375.74,11.0,-1.86,STOP
ALTO,2026-04-23,2026-04-29,5.2524,5.2776,452.0,11.42,PARTIAL
ALTO,2026-04-23,2026-04-29,5.2524,5.25,906.0,-2.14,STOP
AOSL,2026-05-06,2026-05-07,45.9906,39.1124,156.0,-1073.0,STOP
MGRT,2026-05-06,2026-05-07,153.0689,134.7493,77.0,-1410.6,STOP
OGN,2026-05-06,2026-05-07,13.396,13.324,1450.0,-104.43,STOP
RPGL,2026-05-07,2026-05-08,1459.8567,850.817,1.0,-609.04,STOP
SYRE,2026-05-11,2026-05-12,76.0342,74.3565,127.0,-213.06,STOP
SNDK,2026-04-22,2026-05-15,965.4343,1320.4056,6.0,2129.83,TRAIL
SEGG,2026-05-15,2026-05-21,11.205,14.5534,92.0,308.05,PARTIAL
BAND,2026-05-15,2026-05-21,53.2339,58.1638,47.0,231.7,PARTIAL
CNC,2026-05-20,2026-05-21,60.097,57.714,297.0,-707.76,STOP
REPL,2026-05-21,2026-05-22,5.5425,5.0327,880.0,-448.59,STOP
SEGG,2026-05-15,2026-05-26,11.205,11.2,186.0,-0.94,STOP
BAND,2026-05-15,2026-05-28,53.2339,56.6045,95.0,320.2,TRAIL
MXL,2026-05-26,2026-05-29,106.3278,90.1594,47.0,-759.92,STOP
ATRA,2026-05-28,2026-06-01,10.8048,10.1784,381.0,-238.64,STOP
AGL,2026-05-27,2026-06-02,90.5207,91.8287,15.0,19.62,PARTIAL
AGL,2026-05-27,2026-06-02,90.5207,90.48,31.0,-1.26,STOP
INOD,2026-05-29,2026-06-04,102.0459,105.7024,17.0,62.16,PARTIAL
OSS,2026-06-01,2026-06-04,18.4983,17.862,428.0,-272.36,STOP
INOD,2026-05-29,2026-06-05,102.0459,102.0,35.0,-1.61,STOP
STFS,2026-06-04,2026-06-08,11.5052,9.9905,350.0,-530.14,STOP
HYLN,2026-06-04,2026-06-09,7.3933,6.2772,537.0,-599.37,STOP
STAK,2026-06-12,2026-06-15,9.2241,7.6086,161.0,-260.11,STOP
HYLN,2026-06-15,2026-06-22,7.9736,8.1963,149.0,33.19,PARTIAL
HYLN,2026-06-15,2026-06-22,7.9736,7.97,300.0,-1.08,STOP
VSH,2026-06-18,2026-06-22,66.68,63.1116,104.0,-371.11,STOP
HUT,2026-06-22,2026-06-23,128.6579,113.1691,67.0,-1037.75,STOP
BRTX,2026-06-22,2026-06-23,8.5018,7.7985,471.0,-331.27,STOP
CRDO,2026-06-18,2026-06-25,270.3333,288.4002,7.0,126.47,PARTIAL
CLYM,2026-06-18,2026-06-25,11.9504,12.7443,191.0,151.63,PARTIAL
CRDO,2026-06-18,2026-06-25,270.3333,270.2117,15.0,-1.82,STOP
RZLT,2026-06-30,2026-07-01,5.2624,4.9778,1752.0,-498.63,STOP
ARQQ,2026-06-30,2026-07-02,29.9035,25.9017,118.0,-472.2,STOP
BIOA,2026-07-06,2026-07-07,25.8116,24.7489,322.0,-342.21,STOP
LIFE,2026-07-06,2026-07-08,19.8889,18.6816,371.0,-447.93,STOP
CLYM,2026-06-18,2026-07-14,11.9504,13.274,382.0,505.63,TRAIL
TRAX,2026-08-11,2026-08-12,49.6032,46.4491,145.0,-457.35,STOP
SHOT,2026-08-12,2026-08-13,9.8444,9.8356,1737.0,-15.38,STOP
BFLY,2026-08-10,2026-08-14,8.999,8.6461,294.0,-103.76,PARTIAL
BFLY,2026-08-10,2026-08-14,8.999,8.6461,589.0,-207.88,STOP
FWRD,2026-08-13,2026-08-14,19.999,19.8311,336.0,-56.42,STOP
COAG,2026-08-12,2026-08-14,53.6341,50.8271,104.0,-291.93,STOP
MAN,2026-08-13,2026-08-17,57.9611,56.5845,3.0,-4.13,STOP
AEHR,2026-08-10,2026-08-19,111.05,111.0,2.0,-0.1,STOP
CORT,2026-08-17,2026-08-21,115.0518,121.4253,45.0,286.81,PARTIAL
AZTA,2026-08-19,2026-08-24,34.0503,33.305,484.0,-360.73,STOP
INTA,2026-08-21,2026-08-27,41.3986,40.7866,101.0,-61.81,PARTIAL
INTA,2026-08-21,2026-08-27,41.3986,40.7866,203.0,-124.23,STOP
CORT,2026-08-17,2026-08-28,115.0518,117.0873,92.0,187.27,TRAIL
LIFE,2026-08-24,2026-08-28,35.7061,39.5822,1.0,3.88,PARTIAL
FCUV,2026-08-25,2026-08-31,9.9045,9.8256,85.0,-6.7,PARTIAL
FCUV,2026-08-25,2026-08-31,9.9045,9.8256,172.0,-13.57,STOP
XHLD,2026-08-25,2026-08-31,8.3037,9.3358,193.0,199.19,PARTIAL
RCEL,2026-08-25,2026-08-31,10.4197,10.2554,299.0,-49.13,PARTIAL
RCEL,2026-08-25,2026-08-31,10.4197,10.2554,599.0,-98.42,STOP
CHYM,2026-08-27,2026-08-31,33.7602,32.7553,499.0,-501.46,STOP
LIFE,2026-08-24,2026-09-01,35.7061,35.0442,4.0,-2.65,TRAIL
GTE,2026-09-02,2026-09-03,10.3775,10.1454,1001.0,-232.27,STOP
REPL,2026-09-02,2026-09-03,16.1573,15.493,538.0,-357.36,STOP
EDRY,2026-09-02,2026-09-03,53.9543,51.7667,114.0,-249.38,STOP
PLSE,2026-09-01,2026-09-08,50.9229,52.9062,57.0,113.05,PARTIAL
SENS,2026-09-02,2026-09-08,9.9945,9.3159,748.0,-507.59,STOP
PLSE,2026-09-01,2026-09-08,50.9229,50.9,115.0,-2.63,STOP
EOLS,2026-09-04,2026-09-08,9.1541,8.971,1393.0,-255.14,STOP
XHLD,2026-08-25,2026-09-14,8.3037,8.3,386.0,-1.44,STOP
TJGC,2026-09-10,2026-09-16,10.8049,10.9451,227.0,31.83,PARTIAL
TJGC,2026-09-10,2026-09-16,10.8049,10.8,454.0,-2.21,STOP
SWKS,2026-09-23,2026-09-24,92.3415,89.3598,135.0,-402.54,STOP
RDIB,2026-09-23,2026-09-25,19.3287,16.2928,137.0,-415.92,STOP
