symbol,direction,entry_date,exit_date,units,entry_price,exit_price,pnl_before_costs,exit_reason
SPY,1,2021-12-23,2022-01-06,3,442.899374588143,437.09487359419234,-45362.17526772429,stop
FXY,-1,2022-01-03,2022-01-10,2,81.33,81.38374479452143,-21984.1833167656,stop
DBA,1,2022-01-20,2022-01-24,1,17.974158412305272,17.631055601894413,-19948.34050009772,stop
FXE,-1,2022-01-27,2022-02-01,1,98.18183122427489,99.19631132319097,-19947.72218498691,stop
SPY,-1,2022-01-20,2022-02-01,4,419.8724231112666,423.0025472431661,-48613.931491740776,stop
FXY,-1,2022-02-10,2022-02-11,1,80.675,81.3288893651201,-19948.20286171913,stop
SPY,-1,2022-02-24,2022-02-24,1,385.77817291179133,401.80634410321784,-19939.044962134576,stop
FXE,-1,2022-02-24,2022-02-25,2,97.96863963939299,98.72161432081245,-34908.659205287564,stop
IEF,-1,2022-01-05,2022-03-01,4,97.41657768049116,97.08244524951142,-1110.818546667233,exit
FXE,-1,2022-03-01,2022-03-09,4,97.70807214675958,97.14903643529149,-4830.1417291008,stop
FXB,-1,2022-03-04,2022-03-22,4,114.55296321361534,115.00313223885506,-58183.07338707654,stop
FXF,-1,2022-03-11,2022-03-30,2,96.34114160323493,97.07373223269823,-34908.920281432234,stop
DBB,1,2022-01-11,2022-04-25,4,19.440776208828893,20.973771337190293,165843.28549974473,exit
DBA,1,2022-02-01,2022-05-02,3,17.991806088704198,19.347135324573497,141296.39318529246,stop
DBA,1,2022-05-16,2022-05-19,1,20.18894180037038,19.650687670203165,-20201.754013435882,stop
FXE,-1,2022-04-08,2022-05-24,1,95.2350497621296,93.93694988973762,19780.445855509093,exit
FXY,-1,2022-03-11,2022-05-24,4,80.18,73.74,591633.6041807187,exit
IEF,-1,2022-03-22,2022-05-24,2,92.33529419999836,89.9131803168213,64841.85421706755,exit
FXB,-1,2022-04-08,2022-05-27,2,112.6954976681428,109.52250013341346,47402.67215897758,exit
FXB,-1,2022-06-13,2022-06-16,2,105.4039132765446,106.57384233380856,-34909.123163346725,stop
FXY,-1,2022-06-06,2022-06-16,4,71.38,70.84433648395019,-11190.17966492508,stop
IEF,-1,2022-06-10,2022-06-22,2,87.19090628797196,87.41145182069401,-22897.378279910383,stop
USO,1,2022-01-12,2022-06-22,3,58.69,78.83,348541.62297860405,exit
UGA,1,2022-01-13,2022-06-23,4,44.31,69.35600723297877,674590.0305237671,stop
SPY,-1,2022-06-16,2022-06-24,2,348.83635756101734,362.73644974333456,-34898.49810573777,stop
FXC,-1,2022-06-17,2022-06-27,1,71.05717909732303,72.00299734569289,-19948.25267636873,stop
TLT,-1,2022-01-07,2022-07-01,4,118.90687852530917,98.68446647050597,489969.8536688015,exit
FXC,-1,2022-07-05,2022-07-18,1,70.99069062603829,71.8683796616472,-19948.1164013193,stop
FXB,-1,2022-07-05,2022-07-27,1,103.44693099021012,105.16969384657278,-19947.871113823283,stop
FXY,-1,2022-06-17,2022-07-28,1,69.1799,69.52,-5849.379899999872,exit
DBB,-1,2022-06-17,2022-07-29,4,18.06750375724928,16.742307687179558,53773.55744372831,stop
FXE,-1,2022-07-05,2022-08-01,3,89.92894809395801,89.88528513245991,-31937.18735745574,stop
FXF,1,2022-07-29,2022-08-03,1,93.94185837449164,92.7363737686425,-19948.359257591743,stop
IEF,1,2022-07-22,2022-08-03,3,90.29900870045536,89.81438715183565,-40761.521000213295,stop
TLT,1,2022-07-29,2022-08-05,2,101.06377423706368,98.48854077102386,-34933.0419668302,stop
DBA,-1,2022-06-23,2022-08-10,4,18.627122439065506,17.947686897706888,66647.02554843602,exit
UGA,-1,2022-08-01,2022-08-10,3,59.3,62.02817621875686,-43878.622214375995,stop
FXF,1,2022-08-10,2022-08-16,2,94.87188672039693,94.04279516826297,-32071.17406325485,stop
SPY,1,2022-08-03,2022-08-24,4,393.0211036146693,389.32781538499586,-54187.92490576924,stop
FXE,-1,2022-08-22,2022-08-26,2,87.20246460285735,88.22123027059806,-34288.63894770302,stop
SLV,-1,2022-08-31,2022-09-09,2,16.7,17.17116148902312,-32006.660219504614,stop
GLD,-1,2022-09-01,2022-09-12,1,158.025,161.18841912055413,-19945.357555093753,stop
DBA,1,2022-09-20,2022-09-23,1,18.388878807680015,17.93445195596108,-19947.975509906097,stop
UGA,-1,2022-08-30,2022-10-03,3,55.541,56.0,-22840.55610745628,exit
SLV,1,2022-10-04,2022-10-05,2,19.3,18.53244198132544,-34909.562100010575,stop
FXB,-1,2022-08-22,2022-10-25,4,101.90550321055467,99.5796769361479,84930.55360371961,exit
FXY,-1,2022-09-01,2022-11-08,4,67.01,64.22,122823.87992658261,exit
UGA,1,2022-10-27,2022-11-09,3,62.5,61.01,-45114.61975502419,stop
IEF,-1,2022-09-12,2022-11-10,3,86.31695339040367,83.25145977255757,43942.54439901297,exit
TLT,-1,2022-09-12,2022-11-10,3,91.36733069354348,83.78051411697352,58319.71615896966,stop
DBA,-1,2022-10-26,2022-11-15,2,17.532966502332147,17.806505486515483,-35225.02021637553,exit
FXF,1,2022-11-11,2022-11-21,3,93.87739106840793,93.10494195161176,-44882.383482324505,stop
SLV,1,2022-11-08,2022-11-21,3,19.56,19.041571264162855,-44463.299743440686,stop
UGA,-1,2022-12-07,2022-12-14,1,50.23,54.473445358094764,-19944.19318304541,stop
USO,-1,2022-12-08,2022-12-14,2,63.15,66.87377743633867,-35012.19671560163,stop
DBB,1,2022-11-30,2022-12-27,1,17.231207811525874,16.545819835470404,-22143.51473040012,stop
FXB,1,2022-11-15,2023-01-03,3,103.68176678259982,104.33720673895877,-1207.4981280866778,exit
FXY,1,2022-11-28,2023-01-05,3,67.42,69.85,-26250.130000000434,stop
SLV,1,2022-11-30,2023-01-05,2,20.33,21.499,-28152.504000000023,stop
DBA,-1,2023-01-11,2023-01-26,2,17.202193857650382,17.51254271590696,-142419.13538949474,stop
FXE,1,2022-11-10,2023-02-07,4,88.7350752186194,93.56917282406715,164819.3232346921,exit
GLD,1,2022-11-11,2023-02-09,4,163.985,173.12,114123.29999586061,exit
DBB,1,2023-01-10,2023-02-10,3,17.8906526432791,17.712844745495747,-101613.57422661084,exit
FXF,1,2023-01-09,2023-02-17,1,96.90085774907799,95.69197082336875,-47651.9048376067,exit
DBA,1,2023-02-13,2023-02-24,4,17.993140090692865,17.98695831581096,-83702.02676271938,stop
IEF,-1,2023-02-21,2023-03-09,3,83.7414705303648,84.08398701131527,-71276.82327564992,stop
FXB,-1,2023-03-07,2023-03-10,1,103.43773429785229,105.12392059191723,-39959.24279675092,stop
FXF,-1,2023-02-28,2023-03-10,1,94.66199316570578,96.73094391908992,-63880.92346148882,stop
FXC,-1,2023-03-07,2023-03-13,3,68.02584966748816,68.3832545411486,-96579.73198489306,stop
SLV,-1,2023-02-24,2023-03-13,4,19.275,19.71,-137921.27692406237,stop
TLT,1,2023-03-13,2023-03-13,1,94.15335200024722,91.2994645592618,-37097.68284536944,stop
GLD,1,2023-03-17,2023-03-21,4,181.73,180.7232678393139,-74196.16024256567,stop
UGA,-1,2023-03-15,2023-03-21,1,53.91,57.298892494307786,-29679.92046514762,stop
GLD,1,2023-03-23,2023-03-27,2,184.81,181.15,-42769.119869156726,stop
USO,-1,2023-03-14,2023-03-27,4,63.67,63.083063847375186,-48621.530850710275,stop
IEF,1,2023-03-24,2023-03-28,1,88.33683313140152,86.58839003835864,-24252.65414359779,stop
FXF,1,2023-04-04,2023-04-05,3,98.1322332699327,97.54984573169202,-52522.51736509271,stop
TLT,1,2023-04-06,2023-04-14,1,94.16762147233968,91.19582030149103,-23878.422407768903,stop
IEF,1,2023-04-05,2023-04-17,1,88.476591727791,86.83748355434786,-24727.585904563333,stop
GLD,1,2023-04-04,2023-04-21,3,186.24,184.00234499321715,-52671.04237715788,stop
DBA,1,2023-04-11,2023-05-01,3,18.40812084973309,18.417512468391458,-31958.35239806994,stop
DBB,-1,2023-04-25,2023-05-01,3,16.519885948580956,16.77037959008141,-42076.293690576684,stop
FXE,1,2023-04-26,2023-05-02,1,97.259945362307,96.08159006609257,-18995.08737497645,stop
FXF,1,2023-04-26,2023-05-02,1,100.49903297235473,99.19647758084136,-18995.165274439412,stop
FXY,-1,2023-05-01,2023-05-03,1,67.86,68.96680536167426,-18994.99361705368,stop
SPY,1,2023-05-01,2023-05-04,1,398.24454435314135,388.7677734858117,-18991.448818128643,stop
GLD,1,2023-05-04,2023-05-05,1,190.41,185.87538920280292,-18990.95001866135,stop
UGA,-1,2023-05-04,2023-05-08,1,53.128,56.48,-19639.36799999998,stop
FXE,1,2023-05-03,2023-05-09,1,97.30744020817197,96.08031294713463,-19859.82759262829,stop
FXC,1,2023-05-08,2023-05-11,1,70.37869756908636,69.65569176251701,-18994.808550189882,stop
SLV,1,2023-04-04,2023-05-11,4,22.52,22.515,-32772.56790239955,exit
FXF,1,2023-05-03,2023-05-12,1,100.51902283470626,99.23262634962872,-18994.930498655045,stop
FXB,1,2023-03-30,2023-05-24,4,108.11846153041155,108.68578147318063,-14392.527032687012,exit
SPY,1,2023-05-18,2023-05-24,2,399.8530716275398,393.375579363253,-26166.723996710814,stop
TLT,-1,2023-05-23,2023-05-31,1,87.07268243931829,89.40001287366991,-15195.140405881746,stop
DBB,-1,2023-05-11,2023-06-14,4,15.95798506597616,16.03025900635612,-34390.46174020121,stop
DBA,1,2023-06-15,2023-06-27,3,19.073154117425762,18.898361368623746,-34191.29698953652,stop
FXB,1,2023-06-14,2023-06-29,3,111.59437562816889,110.97982412745775,-34506.452213430035,stop
FXC,1,2023-06-07,2023-06-29,4,70.42294822317713,70.80348338573178,-635.7577235689187,stop
FXY,-1,2023-05-17,2023-07-12,4,67.65,66.89,16969.46674521711,exit
GLD,-1,2023-06-20,2023-07-12,4,180.06,181.18,-48708.23268331359,stop
SLV,-1,2023-06-21,2023-07-12,2,20.84,21.91,-45056.07234594538,stop
IEF,-1,2023-07-05,2023-07-13,2,85.14651571534984,86.01623014666819,-26592.38845199009,stop
FXB,1,2023-07-07,2023-07-21,4,112.94634222019101,113.20686466830024,-17946.99283023163,stop
FXF,1,2023-07-11,2023-08-01,3,100.75890118292473,101.41856664052546,-3531.7984552702,stop
DBA,1,2023-07-24,2023-08-03,1,19.640649172523503,19.232762101672,-15267.620949042543,stop
UGA,1,2023-07-07,2023-08-03,4,63.56,69.42,36763.11352686986,stop
IEF,-1,2023-08-03,2023-08-08,1,83.74102408076425,84.82323631081059,-12156.489980110511,stop
SPY,1,2023-05-26,2023-08-10,4,402.82118743148925,427.61282727119215,139475.61738133428,exit
UGA,1,2023-08-09,2023-08-17,2,73.77,71.3794617812064,-20929.958951610868,stop
GLD,-1,2023-08-16,2023-08-23,2,175.79,177.90474309999036,-21283.47947266964,stop
USO,1,2023-07-21,2023-08-23,4,69.095,70.8,-32085.659690618297,stop
FXC,-1,2023-08-24,2023-08-31,2,69.55044285395468,69.90451895699654,-20228.921084145684,stop
IEF,-1,2023-08-14,2023-08-31,2,83.60772894308177,84.43824950833644,-21606.26934528869,stop
UGA,1,2023-09-14,2023-09-20,1,75.79,72.26,-13629.330000000004,stop
DBB,1,2023-09-29,2023-09-29,1,16.632266125101914,16.248612614507085,-15196.131901150595,stop
USO,1,2023-09-01,2023-10-04,4,76.0,77.42,749.7194361467891,exit
FXE,-1,2023-09-05,2023-10-23,2,94.8150895250205,94.08281489296519,13767.950140802204,exit
SPY,-1,2023-10-23,2023-11-02,1,404.67368624123725,414.96603253942106,-18989.378920149138,stop
FXB,-1,2023-09-06,2023-11-03,3,110.87716603513267,109.55305676824833,4068.210240589815,exit
TLT,-1,2023-08-01,2023-11-03,4,86.21305134039524,78.4182403118591,212890.4073563486,exit
DBA,1,2023-11-03,2023-11-09,2,19.844592707949253,19.623233700293568,-26441.55482347923,stop
GLD,1,2023-10-18,2023-11-10,4,181.375,180.51,-45599.06230301014,stop
UGA,-1,2023-11-08,2023-11-14,1,60.69,64.25,-16311.920000000011,stop
FXY,-1,2023-08-10,2023-11-20,4,64.2401,62.47,71764.35068283706,exit
UGA,-1,2023-11-16,2023-11-20,2,60.37,63.28,-31041.914615022317,stop
USO,-1,2023-11-08,2023-11-20,3,70.43,72.4925157830235,-35648.52279377825,stop
FXE,1,2023-11-17,2023-12-04,3,96.57495614345929,96.0555891575701,-28642.105456609326,stop
FXF,1,2023-11-21,2023-12-08,4,100.74990077166602,100.92385506291936,-23026.96394466113,stop
SLV,1,2023-11-24,2023-12-08,2,22.06,21.35,-23708.748499523663,stop
FXY,1,2023-12-04,2023-12-11,3,63.26,63.5,-16712.25103731138,stop
GLD,1,2023-11-27,2023-12-13,2,186.56,183.82,-21110.686328889627,stop
UGA,-1,2023-12-06,2023-12-14,3,59.45,61.26761723278538,-27809.543661616248,stop
USO,-1,2023-12-06,2023-12-18,2,65.98,69.19636471147336,-21268.747715402842,stop
TLT,1,2023-12-13,2024-01-16,2,85.1061239192851,84.9711377587491,-4411.6432882162535,exit
IEF,1,2023-12-13,2024-01-17,3,85.30463947988187,85.84088881453961,8199.401768649563,exit
DBA,-1,2024-01-03,2024-01-18,2,19.099755448133465,19.321347554291336,-22195.04832091531,stop
SLV,-1,2024-01-22,2024-01-24,1,20.1,20.98,-13894.319999999985,stop
UGA,1,2024-01-26,2024-02-01,2,65.53,63.109334190438524,-27162.291049089345,stop
FXB,1,2023-11-21,2024-02-05,4,111.78023429595447,112.74241496886606,-4582.759304608147,exit
UGA,1,2024-02-08,2024-02-23,3,66.6,64.92407353458668,-33707.07103562524,stop
GLD,1,2024-03-01,2024-03-01,1,193.1823,190.18598465084574,-15520.913508619058,stop
FXF,-1,2024-02-13,2024-03-07,2,100.40803683611774,101.26016023706813,-30136.48023914499,stop
FXY,-1,2024-02-13,2024-03-07,2,61.64,62.66,-40467.675974581914,stop
SPY,1,2023-11-20,2024-04-15,4,435.98325995172996,493.55058176581696,294310.1798988085,exit
GLD,1,2024-03-04,2024-04-17,4,194.15,218.55225020915174,96284.6713221024,stop
USO,1,2024-02-22,2024-04-22,4,73.63,77.70876010119842,25422.039704487794,stop
DBB,1,2024-04-18,2024-04-23,4,18.567733303713258,18.42833590653823,-50295.38743023089,stop
DBA,1,2024-01-24,2024-05-01,4,19.94213092054418,22.569660638419716,389576.775164531,exit
DBB,1,2024-04-29,2024-05-01,2,19.04168445410834,18.681577342456283,-27162.759396210644,stop
FXC,-1,2024-04-05,2024-05-10,3,70.27904707855244,70.47639183787973,-28904.63359773456,exit
IEF,-1,2024-04-03,2024-05-15,1,84.48707782354292,85.19294897525491,-12894.1483283229,exit
TLT,-1,2024-04-02,2024-05-15,2,82.02304387007078,82.71981979825367,-18873.892034769506,exit
SLV,1,2024-05-17,2024-05-17,4,27.86,27.572532184386034,-38802.40575157273,stop
UGA,-1,2024-05-14,2024-05-17,1,65.34,67.88,-15760.69999999995,stop
GLD,1,2024-05-20,2024-05-23,1,225.09,218.78,-17914.090000000007,stop
SLV,1,2024-05-20,2024-05-23,2,28.93,27.977216725500206,-27162.58077828977,stop
FXF,-1,2024-03-20,2024-05-31,4,99.86578919373639,98.55,42377.22185581167,exit
SPY,1,2024-05-15,2024-05-31,3,510.75076932295696,505.7473043629807,-34671.510440155864,stop
DBB,1,2024-05-13,2024-06-04,4,19.195950906982034,19.19037501109503,-35051.45355610598,stop
FXE,1,2024-06-03,2024-06-07,2,97.68313257198261,97.13836044966362,-27162.882790946896,stop
IEF,1,2024-06-05,2024-06-07,1,85.93506467167043,85.08611881633307,-15521.277073132995,stop
UGA,-1,2024-05-30,2024-06-12,4,64.86,65.54,-40259.03416123543,stop
USO,-1,2024-06-03,2024-06-12,2,73.88,76.83,-35734.01402845251,stop
FXB,1,2024-05-28,2024-06-13,2,115.97512838518814,115.84112959724129,-19106.49508085564,stop
FXF,1,2024-06-18,2024-06-20,2,100.45,99.75,-29277.684878393502,stop
TLT,1,2024-06-14,2024-06-28,1,85.30660574933326,83.45862922119674,-15521.154859818575,stop
IEF,1,2024-06-12,2024-07-01,3,86.05115731875813,85.17626292478447,-56659.82316781879,stop
DBA,-1,2024-07-01,2024-07-09,1,21.651667046306507,22.565805743486262,-15521.160939415062,stop
USO,1,2024-07-05,2024-07-10,1,82.02,79.2778459051827,-15520.592176665888,stop
FXC,1,2024-07-03,2024-07-16,2,70.71821795314666,70.36216141519486,-28249.367741652313,stop
FXY,-1,2024-03-19,2024-07-17,4,61.4,59.12,150715.9600000001,exit
GLD,1,2024-07-16,2024-07-22,1,225.66,220.42544594052413,-15520.452786345952,stop
SPY,1,2024-06-05,2024-07-24,4,517.7831477910896,528.5842474832225,34872.830283297764,exit
FXB,1,2024-07-08,2024-07-25,4,116.81551604963343,117.26029320892805,-26055.841149187414,stop
FXE,1,2024-07-11,2024-07-29,2,97.95009255464319,97.3983300277673,-27064.687626631698,stop
DBA,-1,2024-08-01,2024-08-06,3,21.549667758293925,21.892756272518053,-34937.10051358297,stop
FXC,-1,2024-07-26,2024-08-06,3,69.8225522838723,70.01875071619911,-28168.110829942554,stop
SPY,-1,2024-08-05,2024-08-06,1,498.5709836706657,512.205416137054,-15515.984146749906,stop
SLV,-1,2024-08-05,2024-08-15,2,24.63,25.8,-29464.80914711456,stop
DBB,-1,2024-07-18,2024-08-19,4,18.14954111218818,17.92650527670814,517.3559782565644,exit
UGA,-1,2024-08-20,2024-08-26,3,61.95,64.2,-51569.852209839475,stop
UGA,-1,2024-09-03,2024-09-19,3,59.95,61.242858043850376,-34918.80290635485,stop
USO,-1,2024-09-03,2024-09-23,3,71.73,73.43776927885519,-33097.5578225566,stop
FXY,1,2024-07-30,2024-10-02,3,60.4,63.51,111403.5823886409,exit
TLT,1,2024-07-31,2024-10-02,2,85.68606745675457,88.87941939966299,20432.588757964433,exit
IEF,1,2024-07-11,2024-10-03,4,86.99281829521826,90.2979532944498,176608.2848561931,exit
FXF,1,2024-07-25,2024-10-04,4,100.81,103.35,124933.12602381506,exit
SLV,1,2024-10-04,2024-10-08,2,29.465,28.38227171935326,-21729.27386429945,stop
FXE,-1,2024-10-22,2024-10-30,2,97.86275529396323,98.41907357434621,-19637.673979856816,stop
SPY,1,2024-10-09,2024-10-31,4,561.7472683325767,558.8493510022705,-25553.543290284564,stop
FXC,-1,2024-10-25,2024-11-05,3,69.94311794048674,70.08339661124973,-25734.217817581073,stop
GLD,1,2024-10-16,2024-11-06,4,247.62,245.635,-33662.90926498505,stop
SLV,1,2024-10-18,2024-11-06,2,30.07,28.19,-29017.4676199334,stop
FXB,-1,2024-11-06,2024-11-07,1,118.03379353045116,119.2291450812335,-8274.223434515316,stop
FXE,-1,2024-11-06,2024-11-07,1,97.09520225933142,97.89757818307869,-7946.731148793036,stop
SPY,1,2024-11-06,2024-11-15,4,575.9104426607405,574.0582328828652,-16379.084837234434,stop
FXY,-1,2024-10-21,2024-11-27,4,61.43,61.07,-10372.53438397639,exit
IEF,-1,2024-10-21,2024-11-27,3,88.31249668153274,88.09033852206973,-1718.3383666676154,exit
TLT,-1,2024-10-21,2024-11-27,3,85.10258382711443,85.44450997909429,-15719.273900939268,exit
FXE,-1,2024-11-08,2024-12-05,4,96.96753586615134,96.00337311814197,-2703.2944716436505,stop
FXE,-1,2024-12-18,2024-12-18,2,94.27672111758689,95.13860626187994,-12556.039971473234,stop
SPY,1,2024-11-25,2024-12-18,4,586.6330114930355,583.7558483973984,-16425.72411299229,stop
DBA,1,2024-12-06,2024-12-27,4,25.128915501280783,25.089892800812713,-10737.014106845509,stop
DBB,1,2025-01-10,2025-01-10,1,20.180874752650176,19.768980832459544,-8697.55201874539,stop
SLV,-1,2024-12-18,2025-01-15,2,27.315,27.94,-8309.376823486236,exit
FXY,-1,2024-12-19,2025-01-16,2,58.75,59.41579925006973,-11124.839669415132,stop
FXC,-1,2024-12-06,2025-01-24,4,68.73079592968604,67.92390535796169,23692.41958261045,exit
UGA,1,2025-01-02,2025-01-27,3,64.31,63.40473372288671,-17767.21532619163,stop
FXC,-1,2025-01-30,2025-01-30,4,67.1583695393781,67.54610846047888,-36242.36903059153,stop
SPY,1,2025-01-22,2025-02-03,1,595.3322697070219,581.2514638434487,-8884.988499914638,stop
FXC,-1,2025-02-03,2025-02-04,2,66.42445526721498,67.6582228605545,-26538.166389693724,stop
USO,1,2025-01-02,2025-02-04,4,76.84,75.7,-25580.933354634915,exit
FXF,-1,2024-11-06,2025-02-14,4,101.48,98.87,44888.71656351024,exit
DBA,1,2025-01-21,2025-02-24,4,25.991273118114407,26.21419964885496,214.34064393439849,exit
SPY,1,2025-02-14,2025-02-24,1,599.0125518185527,585.9382957650027,-6955.5042204885485,stop
SLV,1,2025-02-05,2025-02-25,2,29.48,29.124041715757812,-9124.10522353483,stop
FXY,1,2025-02-25,2025-02-28,1,62.09,61.19889207014828,-4452.866325469049,stop
IEF,1,2025-02-26,2025-03-06,4,88.87233353108562,88.68262283932162,-9020.074613546718,stop
FXY,1,2025-03-07,2025-03-18,1,62.72,61.58,-5442.360000000002,stop
UGA,-1,2025-03-05,2025-03-18,2,59.6,61.77,-9220.282286687492,stop
SLV,1,2025-03-18,2025-03-21,1,31.1,30.004196294947878,-5565.587017959735,stop
USO,-1,2025-03-05,2025-03-21,2,71.4,73.80739727930407,-7791.140061587725,stop
SLV,1,2025-03-27,2025-04-03,1,31.15,28.949,-9197.978999999987,stop
SLV,-1,2025-04-04,2025-04-04,2,27.05,27.96,-15229.130552507773,stop
DBB,-1,2025-04-03,2025-04-07,3,17.912595053003532,17.60016963557688,-8075.7689943525265,stop
FXB,1,2025-03-03,2025-04-07,4,117.91287145820816,119.09470493536917,5720.425617165676,exit
FXF,1,2025-03-07,2025-04-07,2,101.16,102.88572202392443,1212.3605814689072,stop
TLT,1,2025-04-03,2025-04-07,1,86.47849878163615,84.51966211439348,-6957.787842045944,stop
USO,-1,2025-04-04,2025-04-07,3,66.9,68.60193672314351,-16930.015553469966,stop
DBA,-1,2025-04-07,2025-04-09,4,24.949818148854963,25.10198394560623,-11084.821795939617,stop
DBB,-1,2025-04-08,2025-04-09,3,17.094846148409893,17.348695500032942,-10816.393947982278,stop
FXE,1,2025-03-04,2025-04-09,4,95.9076699400117,99.91719039962979,13181.6642762568,stop
FXF,1,2025-04-08,2025-04-09,3,104.39,104.68672642696751,-4352.470131930021,stop
FXY,1,2025-04-09,2025-04-09,1,63.88,62.753249477552124,-5566.147580892519,stop
UGA,-1,2025-04-04,2025-04-09,4,57.44,55.82421327438388,1021.5472592814785,stop
USO,-1,2025-04-09,2025-04-09,1,61.73,66.06828349601031,-5566.017725381231,stop
TLT,-1,2025-04-11,2025-04-16,1,80.04717466830996,82.6672095742199,-5564.954140152697,stop
SPY,-1,2025-03-04,2025-05-02,4,564.265155520489,555.5153840025441,3652.5764078739876,exit
FXC,1,2025-04-10,2025-05-12,2,69.40365780998012,69.66261228829445,1146.9972414112729,exit
FXE,1,2025-04-10,2025-05-12,3,101.44500928779595,101.50815632908193,-2217.4593351553995,exit
FXF,1,2025-04-10,2025-05-12,3,106.03,105.25,-7793.71543526982,exit
GLD,1,2025-01-24,2025-05-14,4,255.96,293.67,221658.98000000013,exit
DBA,1,2025-05-19,2025-05-23,2,26.566489150763356,26.13698551145038,-6161.65920958397,stop
TLT,-1,2025-05-21,2025-05-27,3,79.44133621485882,80.43191822030853,-7760.304894734789,stop
FXC,1,2025-05-23,2025-06-23,4,70.84840128304585,70.71032493966855,-8548.637755317355,stop
UGA,1,2025-06-23,2025-06-23,1,67.51,65.03880985445096,-3560.9849997361734,stop
USO,1,2025-06-23,2025-06-23,1,83.46,78.96178317031213,-3558.0895122830993,stop
FXB,1,2025-05-21,2025-07-16,4,125.31704417481353,125.16577076914835,-8902.495555326885,exit
FXY,-1,2025-07-15,2025-07-23,1,62.005,62.92155749195072,-3561.7424137204953,stop
DBA,-1,2025-07-01,2025-07-24,1,24.7953898740458,25.35519237022901,-3864.3166311526957,stop
FXE,1,2025-06-24,2025-07-29,3,106.10040892423788,105.3861961727971,-8784.057807929872,exit
DBB,1,2025-07-18,2025-07-30,4,19.022397137809186,18.92239384173738,-9157.401824591598,stop
SLV,1,2025-06-02,2025-07-31,4,31.41,33.28466306436242,5716.137363607684,stop
FXY,-1,2025-07-30,2025-08-01,3,61.78,62.11,-7778.5672745088295,stop
TLT,1,2025-08-04,2025-08-12,2,83.46522784461716,82.17764976706911,-4624.98045455258,stop
FXC,-1,2025-08-19,2025-08-22,4,70.3965773945321,70.49996433795663,-6400.057318069528,stop
DBA,1,2025-08-22,2025-09-04,2,26.62922563740458,26.248963623989948,-4011.003717497544,stop
FXY,-1,2025-10-07,2025-10-16,4,61.0,61.09387233924823,-9214.061670995348,stop
UGA,-1,2025-10-10,2025-10-22,2,61.03,62.61761857321089,-8685.86121403677,stop
USO,-1,2025-10-02,2025-10-23,4,71.555,73.11,-17648.172187271237,stop
FXC,-1,2025-09-25,2025-10-29,4,70.02366885903491,70.08790164332773,-10078.080246326308,exit
DBA,-1,2025-10-28,2025-11-03,1,25.229719396946564,25.708684935538248,-4452.9426122868845,stop
FXC,-1,2025-11-03,2025-11-11,2,69.3914901860979,69.68899220293554,-6219.676331346739,stop
FXF,-1,2025-11-03,2025-11-11,1,109.41,110.81,-4736.200000000019,stop
FXE,-1,2025-10-31,2025-11-13,2,105.63497046365394,106.44299213837763,-7305.98757359515,stop
SPY,1,2025-06-03,2025-11-18,4,585.822661783286,654.147847226383,51296.60899501678,exit
GLD,1,2025-08-29,2025-11-19,4,317.6,373.3232952164836,44219.9702051375,stop
SLV,1,2025-08-29,2025-11-19,4,35.91,46.02338247498092,47796.51540817823,stop
FXB,-1,2025-10-28,2025-11-26,4,124.90522338226236,124.75931292923252,-3734.820222219024,exit
DBA,-1,2025-11-20,2025-11-28,3,25.142853492366413,25.29208393787223,-7214.45271789543,stop
IEF,1,2025-08-01,2025-12-08,4,91.11422803412255,93.00387872650532,21167.318824310907,exit
DBB,1,2025-12-01,2025-12-12,4,21.563259805653708,21.44443470567509,-8129.062739737246,stop
FXY,-1,2025-10-30,2025-12-16,4,59.61,59.5,-5932.260481605633,exit
USO,-1,2025-12-16,2025-12-22,2,66.75,69.56,-7915.427532447534,stop
FXE,1,2025-12-11,2026-01-05,3,107.63912788204956,107.10714912936177,-9412.471110336468,stop
DBB,1,2025-12-18,2026-01-07,3,22.098690636042402,23.82507502907362,2272.587297276028,stop
FXC,1,2025-12-10,2026-01-07,3,70.75107276239629,70.61681695927697,-6970.088103189761,stop
FXB,1,2025-12-22,2026-01-09,2,127.13419280456533,126.88050369590377,-5610.089211368559,stop
TLT,-1,2025-12-12,2026-01-14,1,84.10303795622488,85.19888120749968,-3226.1625317530124,exit
USO,1,2026-01-14,2026-01-14,2,74.26,71.98607061695463,-8494.64219859648,stop
DBB,1,2026-01-14,2026-01-16,1,24.49,23.71,-5366.399999999983,stop
SPY,1,2026-01-07,2026-01-20,2,686.9500547275852,676.2089407225063,-9711.902423845731,stop
FXY,-1,2026-01-09,2026-01-23,2,58.21,58.463546528001956,-7004.218936384654,stop
TLT,-1,2026-01-20,2026-01-23,1,83.71087047853855,84.87043465462358,-5103.241938950204,stop
IEF,-1,2026-01-20,2026-01-26,1,92.72405714139433,93.2715659910774,-4957.692633880193,stop
DBB,1,2026-01-23,2026-01-30,1,24.56,23.829120392943107,-4856.694988893046,stop
FXE,1,2026-01-23,2026-02-02,2,108.17427346590473,108.39532664915583,-2760.402104657224,stop
SLV,1,2025-11-28,2026-02-05,4,49.67,66.92,88235.59004210388,exit
UGA,1,2026-02-04,2026-02-12,3,69.87,68.43199878788731,-8547.330742084363,stop
FXB,1,2026-01-23,2026-02-19,4,128.16203001239535,127.51026151908077,-19684.304441425393,stop
IEF,1,2026-02-12,2026-03-05,4,94.23775591255828,94.18846136434196,-8714.347429168887,stop
TLT,1,2026-02-13,2026-03-06,1,86.94094579647017,85.71997621540267,-3107.367583816806,stop
UGA,1,2026-02-19,2026-03-09,4,71.5,81.47583298065298,3233.848489117428,stop
USO,1,2026-02-19,2026-03-09,4,80.43,116.38484801478921,29763.118747710698,stop
DBA,1,2026-02-20,2026-03-10,2,26.05,26.504203647723433,649.9727739943223,stop
FXE,-1,2026-03-03,2026-03-10,2,106.27223816732887,107.03754993305404,-5439.325822930696,stop
DBA,1,2026-03-12,2026-03-16,1,26.84,26.469198575690378,-2486.594351420327,stop
FXB,-1,2026-03-13,2026-03-19,2,126.01699121019219,126.97534873240834,-4351.582055876101,stop
FXE,-1,2026-03-12,2026-03-19,3,105.8891410068831,106.22691889680834,-5092.632693170745,stop
FXY,-1,2026-03-12,2026-03-19,2,57.735,58.25692794414979,-4410.465104047071,stop
GLD,1,2026-01-12,2026-03-19,4,421.52,420.36,-7665.192248018061,exit
UGA,1,2026-03-12,2026-03-23,4,94.645,93.32059991178292,-4970.456290242117,stop
USO,1,2026-03-19,2026-03-23,1,124.07,113.29,-2026.6399999999976,stop
DBB,-1,2026-03-19,2026-03-30,1,22.42,23.3,-2107.5999999999976,stop
TLT,-1,2026-03-20,2026-03-30,2,83.62457957776823,84.58842315682803,-2356.2762696081822,stop
IEF,-1,2026-03-20,2026-03-31,2,92.71834234263916,93.29491608545784,-2532.6520973772904,stop
FXF,-1,2026-03-31,2026-04-01,1,109.93,111.4,-1740.4799999999987,stop
USO,1,2026-03-27,2026-04-07,4,125.19,130.333858237846,-1288.9827188750628,stop
FXB,-1,2026-03-30,2026-04-08,1,125.60696297425797,128.07318961632814,-2651.193640225431,stop
FXY,-1,2026-03-26,2026-04-08,2,57.45,58.08,-2631.3464057675997,stop
SPY,-1,2026-03-09,2026-04-08,4,661.2259549047982,672.9813611792673,-8989.673701807182,stop
UGA,1,2026-03-30,2026-04-08,2,105.8,94.39,-4249.434623099987,stop
DBA,1,2026-03-18,2026-04-09,4,26.87,26.772440080597725,-3626.4973240213144,stop
FXC,-1,2026-03-31,2026-04-09,1,70.05198610870302,70.64859252266007,-1702.118099019457,stop
SLV,-1,2026-03-19,2026-04-14,1,61.9,71.21880667977419,-1984.9058227919027,stop
DBB,1,2026-04-22,2026-04-29,2,25.12,24.60017362109595,-1781.7915514234492,stop
FXY,-1,2026-04-29,2026-04-30,1,57.25,58.6,-2662.200000000003,stop
TLT,-1,2026-05-04,2026-05-06,1,83.16163521519118,84.45214199109033,-1018.2098461844265,stop
UGA,1,2026-04-23,2026-05-07,4,108.07,111.11,-1522.136579423876,stop
FXB,1,2026-05-11,2026-05-12,1,130.0248316828061,128.7353842797067,-1017.3740010454393,stop
DBB,1,2026-05-11,2026-05-15,4,25.76,25.34,-4135.992289653426,stop
UGA,1,2026-05-18,2026-05-20,1,124.6,116.5167895226006,-808.3210477399391,stop
IEF,-1,2026-05-15,2026-05-22,3,92.13073348730252,92.36666366268614,-1938.701832760109,stop
TLT,-1,2026-05-13,2026-05-26,3,83.12565808836717,83.68957094113746,-2672.602976931903,stop
USO,1,2026-05-18,2026-05-26,1,151.6299,136.34,-917.3939999999993,stop
DBA,1,2026-04-23,2026-05-27,4,27.37,27.37,-1652.8989591965067,exit
DBB,1,2026-06-02,2026-06-05,1,26.66,25.88,-957.8400000000014,stop
SPY,1,2026-04-15,2026-06-09,4,692.43223993572,727.8434854794858,6029.527747854802,exit
GLD,-1,2026-06-05,2026-06-15,4,399.2,399.49,-1580.4752080311032,stop
SLV,-1,2026-06-09,2026-06-17,2,60.37,64.52502109384969,-1425.1722351904436,stop
DBA,-1,2026-06-05,2026-06-25,3,26.61,26.888054927852234,-1828.0721231645116,stop
TLT,1,2026-06-18,2026-06-30,3,85.72676354847998,85.09406531398781,-1792.750447433543,stop
USO,-1,2026-06-26,2026-07-08,2,105.65,114.42720257842353,-1483.3472357535766,stop
FXE,-1,2026-06-18,2026-07-15,2,105.50690819707073,105.53466208376555,-858.7790558206834,stop
FXC,-1,2026-06-11,2026-07-17,4,69.8227460250415,69.75277333754326,-614.2948485814615,exit
SLV,-1,2026-07-16,2026-07-22,1,50.31,55.077601476440776,-810.4922509949315,stop
UGA,1,2026-07-23,2026-07-28,1,125.47,118.80640700948581,-812.9583448427311,stop
FXY,-1,2026-06-09,2026-07-30,4,57.225,56.76035243532676,376.18628111407884,stop
TLT,-1,2026-07-31,2026-08-05,1,81.1740292587795,82.36188455670116,-650.9447032610685,stop
FXY,1,2026-08-03,2026-08-06,1,58.62,58.04637666511399,-651.6361084305054,stop
FXF,-1,2026-06-18,2026-08-19,4,109.73,109.57,-1169.6584411268627,exit
TLT,-1,2026-08-17,2026-08-19,2,80.92448207256012,82.15878134625369,-1510.0181670716638,stop
FXC,1,2026-08-19,2026-08-24,2,70.6425260395746,70.49779397509734,-835.2120040133954,stop
FXE,1,2026-08-19,2026-08-28,2,107.38650258683309,106.84730253399043,-1139.8689117093859,stop
GLD,1,2026-08-24,2026-08-28,1,428.55,413.37185064146297,-637.4822730585557,stop
FXB,1,2026-08-10,2026-09-01,4,129.5371278292154,129.68516549000088,-1349.4247637855474,stop
SPY,1,2026-08-03,2026-09-01,4,756.5679963345331,758.6363178157881,-646.9682572872625,exit
DBA,1,2026-08-19,2026-09-03,4,28.36,28.814660487026778,-877.6570800426487,stop
DBB,1,2026-09-08,2026-09-10,2,26.24,25.82,-1254.6339040376274,stop
FXY,1,2026-09-03,2026-09-14,4,58.89,59.21,-338.3724840406343,stop
TLT,-1,2026-09-10,2026-09-21,2,80.53654105277955,81.46888193189533,-1115.0796914224613,stop
