symbol,effective_from,effective_to,net_income_ttm,shares_outstanding
RKT,2019-01-01,, -125000000,2020000000
UPST,2019-01-01,, -95000000,120000000
CVNA,2019-01-01,, -980000000,110000000
AI,2020-01-01,, -280000000,190000000
LCID,2020-01-01,, -2100000000,1700000000
RIVN,2020-01-01,, -5200000000,950000000
SOFI,2020-01-01,, -350000000,900000000
AFRM,2019-01-01,, -420000000,300000000
U,2020-01-01,, -540000000,210000000
OPEN,2020-01-01,, -300000000,190000000
BYND,2019-01-01,, -240000000,65000000
DKNG,2019-01-01,, -780000000,470000000
PLUG,2019-01-01,, -1000000000,730000000
NIO,2019-01-01,, -2600000000,1800000000
CHPT,2020-01-01,, -470000000,230000000
PTON,2019-01-01,, -1350000000,340000000
ROKU,2019-01-01,, -510000000,140000000
SNAP,2019-01-01,, -1300000000,1600000000
GME,2019-01-01,, -200000000,300000000
AMC,2019-01-01,, -500000000,500000000
BB,2019-01-01,, -500000000,550000000
MARA,2019-01-01,, -350000000,230000000
RIOT,2019-01-01,, -160000000,200000000
BITF,2020-01-01,, -120000000,260000000
HUT,2020-01-01,, -140000000,250000000
PLTR,2020-01-01,2022-12-31, -360000000,2300000000
PLTR,2023-01-01,, 210000000,2350000000
