test_year,symbol,obs,beta_intercept,beta_z_growth,beta_z_inflation,beta_z_policy,beta_z_liquidity,beta_z_credit,beta_coherence,beta_velocity_signal,beta_trend_distance_atr,beta_realized_vol_21
2010,DBC,962,0.005286403656013319,-0.010618479601044496,-0.014312595361179436,-0.018447825449320627,6.308634561042969e-17,-7.537585467718524e-17,0.001735380960259051,-0.002627435763966858,0.006007381015779033,-0.026342330311946976
2010,EEM,1237,0.016366806555988836,-0.013640355619036287,-0.009570327274787432,0.0014944010583180529,9.261245249534447e-17,-1.9160946687361572e-19,0.015453212885046426,-0.00043042138157831,0.0033912795990299217,-0.003908738424853222
2010,SPY,1237,0.0021167390684046377,-0.008612471881379848,-0.009329220563675095,0.005489695640251246,-8.03278320495743e-18,2.2169604642402408e-17,0.00044253109066519445,-0.00040849795071507856,0.0005634326772811264,-0.011557049788131662
2010,USO,918,-0.006533928304781655,-0.02919974706327777,-0.04267503025332933,-0.033139044784680535,9.90377150605659e-17,5.494069527971022e-17,0.00217217457079,-0.012008690616949667,0.016042093096626086,-0.05052702403613721
2010,UUP,690,-0.002200400479323206,0.00721959849790791,0.017295923255061994,0.01511959822929447,1.6577085041367648e-17,6.933447597222203e-17,0.004422244055168617,0.007639954594104255,-0.005583262566523449,0.006174574420117021
2011,DBC,1213,0.005742886674543771,6.601083630532363e-06,-0.01936114750914736,-0.016104034961349028,-1.3494427525278177e-16,4.799302392137333e-17,-0.0028210287302251865,-0.004081060265032277,-7.724214091460891e-06,-0.02215961362081006
2011,EEM,1488,0.015811365405939398,-0.00852973993635472,-0.014788779067534454,0.003077773305896896,1.6032691356070272e-17,-6.6768519811824e-17,0.009422073490004668,-0.0015231905173510145,-0.003108007265489053,-0.004428414265070804
2011,SPY,1488,0.0036320221575524597,-0.004017583036742169,-0.013298743125580423,0.006847101753838947,2.9154522130473703e-17,2.535174707048332e-17,-0.003532253018649024,-0.0008287233210064012,-0.004603775930956469,-0.01141149423719786
2011,USO,1169,-0.004560994785802096,-0.0028110483907085415,-0.04443432813886031,-0.022214178349200656,-4.313383795168688e-16,1.5887437543656867e-16,-0.001760005114193895,-0.012872068194901285,0.009682082721975623,-0.03241679841931487
2011,UUP,941,-0.0009042777405793002,-0.00235126405714638,0.015403488624282065,0.010329489199887966,3.6259407337580644e-17,1.1106173882751342e-17,0.0031784389056075607,0.006265542655331772,-0.005236648938696494,0.0015862060828490062
2011,^FVX,255,0.013609101689096615,0.0026845775717739824,-0.00010986193575348088,-0.004207347282944126,2.7904595446041615e-17,-8.64633725738271e-18,2.0618708882234165e-18,-2.613388240861261e-19,-0.019015855525488276,-0.0002675307887902126
2011,^TNX,262,-0.008815807075131136,0.013067327277963966,-0.0005117409762951351,0.016843813232513456,-1.1953271782651693e-17,9.326860616118412e-19,4.3374770291765206e-20,-4.394677368092362e-20,0.0017596195691349393,-0.017580949563912773
2012,DBC,1465,0.005568698372317525,0.004530722356227751,-0.02077471819117732,-0.014422016594096658,-2.2070065519960934e-16,-4.160137494953566e-17,-0.004660784355288699,-0.004589274109796732,-0.0011944788676448773,-0.018588184873439217
2012,EEM,1740,0.011777620205821815,-0.010679016398486983,-0.015769058891867985,0.003403364905474522,-4.2530093194448097e-17,1.3904401014330098e-17,0.0062730650378114575,4.3806819471301764e-05,-0.0037324989548022216,-0.005764040950763893
2012,SPY,1740,0.0035339899830308533,0.00023531291380506363,-0.014719173246603793,0.007117252024406995,3.790350122706709e-17,-5.720366097352479e-18,-0.004389074019735073,-0.0009082012234337123,-0.006730292693270945,-0.008911409466852031
2012,USO,1421,-0.002902565813979701,0.006854093852285798,-0.0368200198729615,-0.018235372523986822,-1.67942158222116e-16,4.150738618356561e-16,0.0033634291618938163,-0.013861550574438608,0.007098958267172358,-0.02105430584777803
2012,UUP,1193,-0.0013075396910342228,-0.002572161438970953,0.011386044749637477,0.0070547808448150045,-2.4477923690165434e-17,2.1757970880209898e-17,0.001173047615480113,0.005623333294823488,-0.0032891404257796232,0.0018440139429814128
2012,^TNX,287,-0.01621461218208348,0.011596855725839666,0.0009930113022671425,0.018290300331599257,2.5318226856261116e-18,-4.871085695879881e-19,-2.872554438730215e-19,1.018440112751374e-34,0.0016005031758328653,-0.024939309715959587
2012,^FVX,276,-0.0009211309101307616,-0.005066413615304214,-0.0023226292781429922,-0.014584849585202434,-9.98440076936857e-17,-2.1699145696541315e-17,-3.5819833091483554e-18,3.788086898616613e-32,-0.02250295504570904,-0.044077366633377635
2013,DBC,1716,0.005256267843121743,0.0059921612701924615,-0.019669315165855968,-0.014683236414253073,-1.9675779838193475e-16,3.4765670809240454e-17,-0.0035937094249903754,-0.005594849886259728,-0.004318205078966788,-0.016003425102527304
2013,EEM,1991,0.011846129735374328,-0.00893344782590506,-0.015627595594808825,0.0015775071758100487,4.203238195481366e-17,-1.8391164403513418e-16,0.005486931123739889,-0.0005912644599255895,-0.006943064662100347,-0.006254717404013321
2013,SPY,1991,0.004973571151018585,0.002110614542046417,-0.013366073320757607,0.006090872446984998,2.0007038550764674e-17,5.449161536725228e-17,-0.0026368741209399286,-0.0019417462214697582,-0.00782536132040802,-0.007756781359159414
2013,USO,1672,-0.004183125662103344,0.008736159682616013,-0.033731183364987004,-0.017800559046300676,2.2687343309427297e-17,-8.566798692081461e-17,0.004873542066480382,-0.013198359071623842,0.006511176225154413,-0.015682639715381183
2013,UUP,1444,-0.0013171608346312295,-0.002924156764346356,0.010713514391758121,0.006379271056780118,-6.999076848282251e-17,-4.163385652767629e-17,0.000911925937653178,0.004908580532277349,-0.004442981196842916,0.0021787691477932465
2014,DBC,1968,0.003734788569410905,0.004697042622624664,-0.014329832922030435,-0.012500446772357843,9.419582295462274e-17,2.900410578746236e-16,0.00225743804186003,-0.006123387473761865,0.001968561914441903,-0.007958616665902597
2014,EEM,2243,0.010591255548046054,-0.00934481863189978,-0.012373564439310284,0.001591067163040011,-1.5561104282351806e-16,-1.771162163476984e-17,0.007031642368087406,-0.001874411291088854,-0.00665393480138746,-0.004586912024732192
2014,SPY,2243,0.006886847011284722,0.0023682160673925826,-0.013515402483623064,0.004520401195934941,-1.0943977331141397e-16,5.1191573940466385e-17,-0.001540191417531818,-0.0011931191280286487,-0.007902967589212264,-0.007907456146401114
2014,USO,1924,-0.0026381368373456586,0.007895776566354259,-0.030865601618575662,-0.0162633986721459,-1.5504037497853298e-16,6.960638283109055e-17,0.005959981697052276,-0.012096112463282686,0.004231773684016539,-0.014444816611736473
2014,UUP,1696,-0.001230489355345272,-0.0023004695476260472,0.009101357970401635,0.005411790312035232,-2.6618141585129357e-17,-1.5888172016935982e-16,0.000877094589962096,0.004824409491098343,-0.003715162844178061,0.001362866197955207
2015,DBC,2220,0.0011000327438720732,0.0018084518860326665,-0.011161361388772247,-0.009919531561098427,5.817127529562324e-17,4.951619567679256e-17,0.006464674097482085,-0.004313874705195375,0.007665320953778636,-0.004839135303232919
2015,EEM,2495,0.00947752750920618,-0.01010689323791227,-0.010841405602308766,0.0021382170668933164,-5.628633244080786e-17,-1.871481025727044e-17,0.008441099856074125,-0.002085981905271713,-0.006349228906631905,-0.0042781109761951324
2015,SPY,2495,0.007506337518750685,0.002903282448167919,-0.013525467532286426,0.004624968217860381,-6.261032531788468e-17,-7.28396032167796e-17,-0.001719881934957048,-0.001012579618340957,-0.009282198903394974,-0.007686088681544273
2015,USO,2176,-0.005414040366827496,0.0039565336042869,-0.026232506896565866,-0.013076388991918372,2.284509829172072e-16,-2.0912770893904243e-16,0.01029089379271282,-0.009344073108547606,0.009869572009566287,-0.010900366645740286
2015,UUP,1948,-0.00015983066938375038,-0.0007516977846513389,0.006584339649654557,0.004332617136408502,5.224735433732748e-17,5.781984952260135e-17,-0.0013035776080338002,0.0037747247310867937,-0.0010024566321207044,0.00011349595775880426
2016,DBC,2472,-0.001986419707004248,0.004255431296255722,-0.00888355704102673,-0.008535540798022765,-1.2654984714427701e-17,2.8213111479913916e-16,0.005835970412398248,-0.0035031902461602686,0.00964678330277444,-0.002567648779986188
2016,EEM,2747,0.007505458193042795,-0.003181448749527335,-0.007402991950195437,0.0012081822253973173,-1.7383308278260058e-17,-1.2180698389605095e-17,0.006175629667252197,-0.0018335754673727777,-0.001453141558790105,0.0020276384537120757
2016,SPY,2747,0.007056026045247429,0.003852515427284406,-0.010418669391233005,0.004072410524329467,4.7061286549295365e-17,5.3145646916663337e-17,-0.0017612355895761788,-0.0008434292092392654,-0.006944992621696839,-0.0049387537209537565
2016,USO,2428,-0.010063060562620168,0.007962990860662461,-0.02229590676705906,-0.011210943895719154,-3.3638410082859e-16,-1.097064194437117e-16,0.010356324815992848,-0.00835457629736953,0.011094009755614241,-0.00813293388490411
2016,UUP,2200,0.0007334712509068681,0.0006735678585400401,0.004480185992267204,0.0037515117966138364,-2.2666606891239954e-17,-3.665173875339102e-17,-0.0019262855584873363,0.004246646932974581,0.00032780597286803084,0.0005989219156196062
2016,^FVX,286,-0.001625340057548821,-0.009547479860915368,-0.006330367366109166,-0.009632035711984269,3.491250185176633e-17,1.4528361367687913e-17,-8.455318435501649e-19,-3.933298119923658e-34,-0.023670671188538647,-0.04226977189408822
2016,^TNX,298,-0.015840025444626857,0.010988224233642109,-0.001416961757963311,0.01854577030491892,4.088850857309087e-18,-3.250079346146039e-18,1.184849272114509e-18,-1.1262404234961946e-19,0.0007212761390225208,-0.02464274604450034
2017,DBC,2723,-0.0008241960915215793,0.0022256459462570086,-0.007270211195288801,-0.0031755719149378124,-8.982817162137928e-17,-7.345224171730402e-17,0.002086637639530676,-0.0014032291615978566,0.010082308154927132,-0.0021437066951304996
2017,EEM,2998,0.007611592095786795,-0.003010369972990698,-0.007148949754998856,0.004979579875549372,-7.145427801007217e-17,6.344835361649491e-17,0.003444576382891651,-0.0026820729239663906,-0.0006900811895625084,0.003956923350415077
2017,SPY,2998,0.007216465609872462,0.0029678627585066914,-0.00882110404158133,0.00473681852612771,2.2758823082703417e-16,-2.690690895100077e-17,-0.0024631183424620256,-0.0018609461621788693,-0.00636512292478006,-0.004841199258851376
2017,USO,2679,-0.008994000985434231,0.00992712307554217,-0.019308015759319282,-0.002277102984304422,8.20290277081725e-17,1.2520871598813718e-16,0.0027579960680147735,-0.005727138224230025,0.014974625438581107,0.0020961814083866174
2017,UUP,2451,0.000857475945417188,0.0005103743818507074,0.004215685689277605,0.001689343615311273,4.807106990818635e-18,-1.4285218662327966e-17,-0.0007393305748501841,0.002619782085992954,0.0009354593854670359,-1.375249211010691e-05
2017,^FVX,298,-0.005568988615722529,-0.003151761966948506,-0.0035992906599171853,-0.01744816092560114,-9.147981369997313e-18,-4.771488416608796e-17,7.718353139309108e-18,4.884369661186088e-18,-0.022732296254960344,-0.048561145741197374
2017,^TNX,305,-0.016974165391542582,0.012671145200564886,-0.00010958931428968954,0.01647070320812131,1.5969236004312048e-18,2.9544632722734613e-18,6.186027203187165e-19,2.0259185886122023e-20,0.0011834683905600028,-0.025739959905832988
2018,DBC,2975,-0.0003981452852482567,0.0010793880106112009,-0.005887492772878224,-0.0037925703528825026,1.1977420604543005e-16,6.976719250445709e-17,0.0015302525684981996,-0.0009810843378572748,0.009177625872088403,-0.003264305474131919
2018,EEM,3250,0.0089075702814371,-0.004643245121873902,-0.004630337519796097,0.005852859439421438,8.392274235770392e-17,-4.855164370784164e-17,0.0027289679709831625,-0.0019361268373929744,0.0006617525469693352,0.0023539267751665994
2018,SPY,3250,0.007897457329539965,0.00152675229194275,-0.006779180176002491,0.005416726929075005,-1.7454999850141373e-16,-1.8915233172787458e-16,-0.002731846636012749,-0.001359643682491236,-0.004531026011818538,-0.004899247925350771
2018,USO,2931,-0.007791029477066236,0.007560320884883589,-0.015604822304162588,-0.0023761716313269207,-4.266175752303385e-16,-4.1482656503904645e-16,0.0010209830391999053,-0.0033018239919414692,0.013632231185618305,0.00039548533271401183
2018,UUP,2703,0.0002017175830384422,0.0017252555802450486,0.0018002756630347446,7.074429461478236e-05,2.0576125797845055e-17,6.978736837748161e-18,-0.0013299422353455033,0.001770690958298252,0.0013299239963713663,0.00076512274966767
2018,^FVX,408,-0.005487989117941518,-0.006147074280170474,-0.005180585650432015,-0.01853080739470694,-4.1763308228945344e-17,-5.317959610146796e-17,6.300971786826257e-18,0.0,-0.020559879845037817,-0.042889166888166914
2018,^TNX,410,-0.01796009187738491,0.014032390117836987,-0.002213780046723809,0.00454345403268423,-5.894301885633205e-20,5.01533952759253e-18,-3.858902542137699e-19,5.575875852541249e-20,-1.58032418153388e-05,-0.027933756666898034
2019,DBC,3227,-0.0005849882287131122,0.0006764666186790604,-0.0054360674424203375,-0.004538467624915422,1.3806249696749222e-17,-5.000527093138308e-17,0.0017357257076137708,-0.0013064005616811964,0.008288982044415541,-0.003503238521586725
2019,EEM,3502,0.007607984084134296,-0.005129531925206985,-0.004838130767752714,0.0041346882273600545,6.201527991446228e-17,1.2535009670710776e-16,0.001971214380770719,-0.002146978462115734,0.0011994455997840939,0.0019815301646452475
2019,SPY,3502,0.007465250929133351,0.0012242130634886837,-0.0065045402926806025,0.004747159951411802,3.6378949106304266e-17,-5.387850687599863e-18,-0.0026819521347519635,-0.0011644423153263166,-0.004803393528246899,-0.0054046388566845625
2019,USO,3183,-0.007290537067434082,0.007959894611971104,-0.014874179163633247,-0.0028818811035807596,-1.8696405227778996e-16,-2.5929512402286836e-17,0.0011905202200790386,-0.0012949487232617241,0.014440247234612392,0.000595393583269922
2019,UUP,2955,0.0006579297711248153,0.0017048910485964082,0.0018826905143710536,0.00039556376879661625,-2.4058171232220717e-17,9.13217216431288e-18,-0.0010642860603140114,0.0018864790171748982,0.0013379998603682312,0.0007845819527582951
2019,^TNX,576,-0.007914155181286686,0.01662652032338023,-0.0003675812746343173,-0.001748729405693491,3.572282241680258e-17,2.7060283716934548e-17,7.752389542124812e-18,3.286354932324047e-19,-0.00044340114868273426,-0.024928032111709523
2019,^FVX,595,0.004966958458594008,0.0012077568268921833,-0.004394640795477094,-0.017761599819983966,-1.211823458507729e-17,3.349342664204018e-18,1.1762562802603798e-18,-2.507112682508503e-19,-0.009210059032535734,-0.035288958053845264
2020,DBC,3478,-0.0002937152847237702,0.0016692643687614384,-0.0052888315189918746,-0.004478677646245262,1.0444171304378802e-16,3.6032584882644786e-16,0.0010538156005943941,-0.0010161740120568927,0.007064570694855771,-0.0025083730037812474
2020,EEM,3753,0.007762408405484683,-0.00453735862898333,-0.0045609416968233115,0.0034574908407033955,-4.103277505302928e-17,-5.934365048461666e-17,0.0007556630245186882,-0.0016995039674842917,-0.00039341214039775624,0.0013300911904190649
2020,SPY,3753,0.00812811752973061,0.001776691014473266,-0.0066876410392496775,0.0032533496953581756,-2.0934209031033153e-16,-2.7557300659640806e-16,-0.0030097259505995674,-0.001341033068290944,-0.005913146540345453,-0.005688005054237358
2020,USO,3434,-0.00568663023059693,0.008892030803954128,-0.014183520912967207,-0.004110137050023491,6.861136938744801e-17,-2.0416235090108112e-16,0.001287593168489774,-0.0007619665848356519,0.0110775421806409,0.0010001317185825028
2020,UUP,3206,0.0008917986907562626,0.0012949793812886937,0.0018444497131870489,0.00019197548443452157,-3.129365238293725e-17,-4.112697674715626e-17,-0.0006328631591968008,0.0014860207981397706,0.0013932475888248275,0.0004176570344716968
2021,DBC,3731,-0.0005390674012422767,0.002197528668212852,-0.00675844530427908,-0.0047230415649268526,1.6039205112703743e-17,1.672394118660841e-17,0.00026377559542475383,-0.0009771168994765012,0.006784389878898989,-0.0011189011031888807
2021,EEM,4006,0.00842303473985395,-0.0031878016917015655,-0.006931755661454094,0.0028266586017676393,-5.145526860311304e-17,-1.4480158128319173e-16,0.00034086546907414724,-0.0011734991069867948,-0.0004519794395322333,0.0029041267480837698
2021,SPY,4006,0.008773622650869041,0.004931450432807365,-0.009593358425299972,0.0026337561957194915,1.7404488344173682e-16,1.604547032411358e-16,-0.003120869228349094,-0.0002095973570482911,-0.004631213322452641,0.000572446062849358
2021,USO,3687,-0.009253466247660826,0.0017864730528596969,-0.014257389640971138,-0.0064335348197529976,7.785389040767443e-17,2.0662821065383017e-16,0.0004683991406770118,-0.0030191405945360445,0.004098641868997099,-0.010301250744308441
2021,UUP,3459,0.0004339784339940538,0.0012542224417371609,0.002396549167329483,0.0002138272339757232,-2.699856885506939e-17,5.4230001371821455e-17,-0.0005908474331940775,0.0015762044926421216,0.0013259755690507378,0.00011624199664894127
2021,^FVX,598,0.004483878901994576,0.0016815327623376723,-0.0024247047388040732,-0.017525138820645693,1.1537137009447366e-17,1.7334782789362326e-17,-2.853316558442959e-19,0.0,-0.00846515746133797,-0.034277047015462386
2021,^TNX,580,-0.008492422508495953,0.017107267004618797,0.0015423544484907334,-0.0016849373685362146,5.953517600657997e-17,-4.557330735420336e-17,9.991988323456478e-19,1.3672621287814023e-18,0.00012821300537490437,-0.024288028665148183
2022,DBC,3982,0.00144925594813474,0.002750078807921831,-0.006259015631291257,-0.004246781280373495,-2.468369758110862e-17,8.389640510717283e-17,0.001467416199390333,-0.0012833013799639346,0.00861175917985297,0.00022682959423448335
2022,EEM,4257,0.007950724133974478,-0.002823627784813496,-0.00786262080740846,0.0027888711986844878,-1.031457652375507e-16,-7.214266567425312e-17,0.0004847228975929605,-0.001061272563679007,1.849902391536974e-05,0.003094465521014409
2022,SPY,4257,0.009507537954759698,0.004860905153165053,-0.007989097415746703,0.002348772252078189,-6.742221897072793e-17,-2.6307903824956877e-17,-0.0023592389597392825,-0.0005766403224105108,-0.0029802616415736376,0.0014779095049856333
2022,USO,3938,-0.00587755235824506,0.003044554528686874,-0.012297465394914274,-0.005723068196214644,2.6413995946073543e-17,-4.08666350578983e-16,0.0028855275377524226,-0.003355158563539385,0.007693035269893615,-0.007261949681187121
2022,UUP,3710,0.0006979161986536658,0.00126130911765065,0.00263400034833801,0.00018049612867419783,2.500042708876407e-17,-1.7504430096317407e-17,-0.0007198184963247143,0.00145272389686345,0.0010224411689217922,0.00011108067402807427
2022,^TNX,654,-0.0065423868660238055,0.01636833524538894,0.011366329649093305,-0.0003617061910697484,-6.85826412010295e-18,-4.4669674494494484e-17,1.6573080042598473e-18,2.634764629360274e-19,-8.703895149881258e-05,-0.019565620098235006
2023,DBC,4233,0.0025113679136435424,0.0018420707050237658,-0.0032710093129737564,-0.004812615789701621,-2.7322679638028604e-16,2.4672904426673643e-16,0.002597534919930581,-0.002271158371140553,0.00851346526855499,0.0012503462193891885
2023,EEM,4508,0.006575118637260124,-0.0019298773540466483,-0.00950685553697737,0.001902187351448001,-1.814670357955423e-17,-1.6996022347094943e-17,-2.575792517455657e-05,-0.0004260848868477132,0.0007003109064957524,0.0033661392517050784
2023,SPY,4508,0.00842907653319104,0.005392537916442287,-0.009652776865993105,0.0018820273046273866,-1.5780774770413874e-16,-6.237592572334239e-17,-0.0028744414278513066,0.00012266888498324395,-0.0029392136824970077,0.0013936950439523148
2023,USO,4189,-0.0038636891698481807,0.0008645752168910382,-0.005774646076990767,-0.005718246758849207,-4.2825549838222664e-16,-3.021245415831673e-16,0.005169037914310532,-0.005081564891136284,0.008432476109398245,-0.004657356027095501
2023,UUP,3961,0.0011909866641958385,0.0006712986923422596,0.00335885939621847,0.000523556169680109,-4.166351305678945e-18,3.871411656062352e-17,-0.0006192222924334214,0.001159128720370868,0.0010458677403207802,-0.00036509614261023853
2023,2YY=F,313,0.2320510461313541,0.004415637184479432,0.061809949483102526,-0.05039369516206078,-5.3837314325878845e-18,1.47594538695678e-17,1.5693910169435818e-18,-1.192304844058327e-34,-0.04614721196050742,0.05696231718695082
2024,DBC,4484,0.0022345831206601833,0.002032826137965828,-0.003111435226018709,-0.004602123171581228,9.687277248891658e-17,0.003963349491888715,0.0026151664085226544,-0.002229949715149474,0.007798236406162433,0.0015443880280366438
2024,EEM,4759,0.006479165071884527,-0.0017730603256891865,-0.009341174332237336,0.002491932045614037,5.307059154925446e-17,-0.0028895895727254913,0.00013250600313976818,-0.00031998598331915105,0.0002711865818356445,0.0034176479421704174
2024,SPY,4759,0.00875753197025308,0.00538891109544764,-0.009633070339534977,0.0018890573131301028,-1.346757563731241e-17,-0.0018505775512618178,-0.0028801141658830022,0.00018741903584903707,-0.00351491473809812,0.0009397345626822881
2024,USO,4440,-0.0033546151862777814,0.0007715415842185665,-0.005081374265657175,-0.00529728856106475,4.442366302788047e-17,0.010024309745523922,0.005645814719014828,-0.005239901583855814,0.0066843568081318885,-0.005086741675927225
2024,UUP,4212,0.0013131155632826134,0.0005926002272886361,0.0032009529291401554,0.00025152540308096195,5.028076437773842e-17,0.0013461539536300236,-0.0008529043501603062,0.0010175572938281071,0.0009442758702902647,-0.0006154451640621596
